Grupo	Seleccion	Dorsal	Foto	Nombre	Posicion	Edad	Club	Valoracion
A	Ecuador	12	Moisés Ramírez	Moisés Ramírez	Goalkeeper	22	Independiente del Valle	€1.00m
A	Ecuador	1	Hernán Galíndez	Hernán Galíndez	Goalkeeper	35	SD Aucas	€600k
A	Ecuador	22	Alexander Domínguez	Alexander Domínguez	Goalkeeper	35	LDU Quito	€600k
A	Ecuador	3	Piero Hincapié	Piero Hincapié	Centre-Back	20	Bayer 04 Leverkusen	€22.00m
A	Ecuador	2	Félix Torres	Félix Torres	Centre-Back	25	Santos Laguna	€6.00m
A	Ecuador	6	William Pacho	William Pacho	Centre-Back	21	Royal Antwerp FC	€3.50m
A	Ecuador	25	Jackson Porozo	Jackson Porozo	Centre-Back	22	ESTAC Troyes	€3.00m
A	Ecuador	4	Robert Arboleda	Robert Arboleda	Centre-Back	31	São Paulo Futebol Clube	€2.00m
A	Ecuador	14	Xavier Arreaga	Xavier Arreaga	Centre-Back	28	Seattle Sounders FC	€2.00m
A	Ecuador	7	Pervis Estupiñán	Pervis Estupiñán	Left-Back	24	Brighton & Hove Albion	€20.00m
A	Ecuador	18	Diego Palacios	Diego Palacios	Left-Back	23	Los Angeles FC	€4.00m
A	Ecuador	17	Angelo Preciado	Angelo Preciado	Right-Back	24	KRC Genk	€3.20m
A	Ecuador	8	Carlos Gruezo	Carlos Gruezo	Defensive Midfield	27	FC Augsburg	€4.00m
A	Ecuador	20	Jhegson Méndez	Jhegson Méndez	Defensive Midfield	25	Los Angeles FC	€1.50m
A	Ecuador	23	Moisés Caicedo	Moisés Caicedo	Central Midfield	21	Brighton & Hove Albion	€38.00m
A	Ecuador	5	José Cifuentes	José Cifuentes	Central Midfield	23	Los Angeles FC	€12.00m
A	Ecuador	21	Alan Franco	Alan Franco	Central Midfield	24	Club Atlético Talleres	€2.50m
A	Ecuador	16	Jeremy Sarmiento	Jeremy Sarmiento	Attacking Midfield	20	Brighton & Hove Albion	€3.00m
A	Ecuador	9	Ayrton Preciado	Ayrton Preciado	Left Winger	28	Santos Laguna	€2.50m
A	Ecuador	10	Romario Ibarra	Romario Ibarra	Left Winger	28	CF Pachuca	€1.80m
A	Ecuador	19	Gonzalo Plata	Gonzalo Plata	Right Winger	22	Real Valladolid CF	€5.00m
A	Ecuador	15	Ángel Mena	Ángel Mena	Right Winger	34	Club León FC	€1.50m
A	Ecuador	11	Michael Estrada	Michael Estrada	Centre-Forward	26	CD Cruz Azul	€3.00m
A	Ecuador	13	Enner Valencia	Enner Valencia	Centre-Forward	33	Fenerbahce	€3.00m
A	Ecuador	24	Djorkaeff Reasco	Djorkaeff Reasco	Centre-Forward	23	CA Newell's Old Boys	€500k
A	Ecuador	26	Kevin Rodríguez	Kevin Rodríguez	Centre-Forward	22	Imbabura SC	€300k
A	Qatar	22	Meshaal Barsham	Meshaal Barsham	Goalkeeper	24	Al-Sadd SC	€450k
A	Qatar	1	Saad Al-Sheeb	Saad Al-Sheeb	Goalkeeper	32	Al-Sadd SC	€200k
A	Qatar	21	Yousef Hassan	Yousef Hassan	Goalkeeper	26	Al-Gharafa SC	€150k
A	Qatar	15	Bassam Al-Rawi	Bassam Al-Rawi	Centre-Back	24	Al-Duhail SC	€500k
A	Qatar	5	Tarek Salman	Tarek Salman	Centre-Back	24	Al-Sadd SC	€400k
A	Qatar	16	Boualem Khoukhi	Boualem Khoukhi	Centre-Back	32	Al-Sadd SC	€400k
A	Qatar	2	Pedro Miguel	Pedro Miguel	Centre-Back	32	Al-Sadd SC	€325k
A	Qatar	25	Jassem Gaber Abdulsallam	Jassem Gaber Abdulsallam	Centre-Back	20	Al-Arabi SC	€175k
A	Qatar	3	Abdelkarim Hassan	Abdelkarim Hassan	Left-Back	29	Al-Sadd SC	€750k
A	Qatar	14	Homam Ahmed	Homam Ahmed	Left-Back	23	Al-Gharafa SC	€500k
A	Qatar	13	Musab Khoder	Musab Khoder	Right-Back	29	Al-Sadd SC	€250k
A	Qatar	12	Karim Boudiaf	Karim Boudiaf	Defensive Midfield	32	Al-Duhail SC	€450k
A	Qatar	4	Mohammed Waad	Mohammed Waad	Defensive Midfield	23	Al-Sadd SC	€400k
A	Qatar	23	Assim Madibo	Assim Madibo	Defensive Midfield	26	Al-Duhail SC	€300k
A	Qatar	20	Salem Al-Hajri	Salem Al-Hajri	Defensive Midfield	26	Al-Sadd SC	€250k
A	Qatar	6	Abdulaziz Hatem	Abdulaziz Hatem	Central Midfield	32	Al-Rayyan SC	€500k
A	Qatar	26	Mustafa Mashaal	Mustafa Mashaal	Central Midfield	21	Al-Sadd SC	€150k
A	Qatar	8	Ali Asad	Ali Asad	Attacking Midfield	29	Al-Sadd SC	€200k
A	Qatar	11	Akram Afif	Akram Afif	Left Winger	26	Al-Sadd SC	€4.00m
A	Qatar	18	Khalid Muneer Mazeed	Khalid Muneer Mazeed	Left Winger	24	Al-Wakrah SC	€250k
A	Qatar	10	Hasan Al-Haydos	Hasan Al-Haydos	Right Winger	31	Al-Sadd SC	€900k
A	Qatar	24	Naif Al-Hadhrami	Naif Al-Hadhrami	Right Winger	21	Al-Rayyan SC	€300k
A	Qatar	17	Ismaeel Mohammed	Ismaeel Mohammed	Right Winger	32	Al-Duhail SC	€225k
A	Qatar	19	Almoez Ali	Almoez Ali	Centre-Forward	26	Al-Duhail SC	€2.00m
A	Qatar	7	Ahmed Alaaeldin	Ahmed Alaaeldin	Centre-Forward	29	Al-Gharafa SC	€600k
A	Qatar	9	Mohammed Muntari	Mohammed Muntari	Centre-Forward	28	Al-Duhail SC	€300k
A	Paises Bajos	13	Justin Bijlow	Justin Bijlow	Goalkeeper	24	Feyenoord Rotterdam	€13.00m
A	Paises Bajos	23	Andries Noppert	Andries Noppert	Goalkeeper	28	SC Heerenveen	€2.00m
A	Paises Bajos	1	Remko Pasveer	Remko Pasveer	Goalkeeper	39	Ajax Amsterdam	€250k
A	Paises Bajos	3	Matthijs de Ligt	Matthijs de Ligt	Centre-Back	23	Bayern Munich	€70.00m
A	Paises Bajos	4	Virgil van Dijk	Virgil van Dijk	Centre-Back	31	Liverpool FC	€50.00m
A	Paises Bajos	2	Jurrien Timber	Jurrien Timber	Centre-Back	21	Ajax Amsterdam	€45.00m
A	Paises Bajos	5	Nathan Aké	Nathan Aké	Centre-Back	27	Manchester City	€30.00m
A	Paises Bajos	6	Stefan de Vrij	Stefan de Vrij	Centre-Back	30	Inter Milan	€15.00m
A	Paises Bajos	16	Tyrell Malacia	Tyrell Malacia	Left-Back	23	Manchester United	€22.00m
A	Paises Bajos	17	Daley Blind	Daley Blind	Left-Back	32	Ajax Amsterdam	€6.00m
A	Paises Bajos	26	Jeremie Frimpong	Jeremie Frimpong	Right-Back	21	Bayer 04 Leverkusen	€25.00m
A	Paises Bajos	20	Teun Koopmeiners	Teun Koopmeiners	Defensive Midfield	24	Atalanta BC	€30.00m
A	Paises Bajos	15	Marten de Roon	Marten de Roon	Defensive Midfield	31	Atalanta BC	€12.00m
A	Paises Bajos	21	Frenkie de Jong	Frenkie de Jong	Central Midfield	25	FC Barcelona	€50.00m
A	Paises Bajos	24	Kenneth Taylor	Kenneth Taylor	Central Midfield	20	Ajax Amsterdam	€14.00m
A	Paises Bajos	22	Denzel Dumfries	Denzel Dumfries	Right Midfield	26	Inter Milan	€28.00m
A	Paises Bajos	25	Xavi Simons	Xavi Simons	Attacking Midfield	19	PSV Eindhoven	€18.00m
A	Paises Bajos	11	Steven Berghuis	Steven Berghuis	Attacking Midfield	30	Ajax Amsterdam	€14.00m
A	Paises Bajos	14	Davy Klaassen	Davy Klaassen	Attacking Midfield	29	Ajax Amsterdam	€12.00m
A	Paises Bajos	8	Cody Gakpo	Cody Gakpo	Left Winger	23	PSV Eindhoven	€45.00m
A	Paises Bajos	7	Steven Bergwijn	Steven Bergwijn	Left Winger	25	Ajax Amsterdam	€27.00m
A	Paises Bajos	12	Noa Lang	Noa Lang	Left Winger	23	Club Brugge KV	€15.00m
A	Paises Bajos	10	Memphis Depay	Memphis Depay	Centre-Forward	28	FC Barcelona	€20.00m
A	Paises Bajos	19	Wout Weghorst	Wout Weghorst	Centre-Forward	30	Besiktas JK	€14.00m
A	Paises Bajos	18	Vincent Janssen	Vincent Janssen	Centre-Forward	28	Royal Antwerp FC	€6.00m
A	Paises Bajos	9	Luuk de Jong	Luuk de Jong	Centre-Forward	32	PSV Eindhoven	€4.00m
A	Senegal	1	Edouard Mendy	Edouard Mendy	Goalkeeper	30	Chelsea FC	€25.00m
A	Senegal	26	Alfred Gomis	Alfred Gomis	Goalkeeper	29	Stade Rennais FC	€3.00m
A	Senegal	23	Seny Dieng	Seny Dieng	Goalkeeper	27	Queens Park Rangers	€1.50m
A	Senegal	3	Kalidou Koulibaly	Kalidou Koulibaly	Centre-Back	31	Chelsea FC	€35.00m
A	Senegal	4	Abdou Diallo	Abdou Diallo	Centre-Back	26	RB Leipzig	€15.00m
A	Senegal	12	Pape Abou Cissé	Pape Abou Cissé	Centre-Back	27	Olympiacos Piraeus	€6.00m
A	Senegal	11	Formose Mendy	Formose Mendy	Centre-Back	21	Amiens SC	€2.50m
A	Senegal	2	Ismail Jakobs	Ismail Jakobs	Left-Back	23	AS Monaco	€7.00m
A	Senegal	22	Fodé Ballo-Touré	Fodé Ballo-Touré	Left-Back	25	AC Milan	€3.50m
A	Senegal	7	Youssouf Sabaly	Youssouf Sabaly	Right-Back	29	Real Betis Balompié	€4.00m
A	Senegal	13	Pape Gueye	Pape Gueye	Defensive Midfield	23	Olympique Marseille	€10.00m
A	Senegal	6	Nampalys Mendy	Nampalys Mendy	Defensive Midfield	30	Leicester City	€3.50m
A	Senegal	24	Mamadou Loum	Mamadou Loum	Defensive Midfield	25	Reading FC	€3.50m
A	Senegal	8	Cheikhou Kouyaté	Cheikhou Kouyaté	Defensive Midfield	32	Nottingham Forest	€3.00m
A	Senegal	17	Pape Matar Sarr	Pape Matar Sarr	Central Midfield	20	Tottenham Hotspur	€15.00m
A	Senegal	5	Idrissa Gueye	Idrissa Gueye	Central Midfield	33	Everton FC	€8.00m
A	Senegal	16	Pathé Ciss	Pathé Ciss	Central Midfield	28	Rayo Vallecano	€4.00m
A	Senegal	14	Moustapha Name	Moustapha Name	Central Midfield	27	Pafos FC	€2.00m
A	Senegal	9	Iliman Ndiaye	Iliman Ndiaye	Attacking Midfield	22	Sheffield United	€3.50m
A	Senegal	18	Ismaïla Sarr	Ismaïla Sarr	Right Winger	24	Watford FC	€22.00m
A	Senegal	25	Nicolas Jackson	Nicolas Jackson	Right Winger	21	Villarreal CF	€15.00m
A	Senegal	15	Krépin Diatta	Krépin Diatta	Right Winger	23	AS Monaco	€13.00m
A	Senegal	21	Boulaye Dia	Boulaye Dia	Centre-Forward	26	US Salernitana 1919	€12.00m
A	Senegal	20	Bamba Dieng	Bamba Dieng	Centre-Forward	22	Olympique Marseille	€8.00m
A	Senegal	19	Famara Diédhiou	Famara Diédhiou	Centre-Forward	29	Alanyaspor	€3.00m`
B	Inglaterra	23	Aaron Ramsdale	Aaron Ramsdale	Goalkeeper	24	Arsenal FC	€30.00m
B	Inglaterra	1	Jordan Pickford	Jordan Pickford	Goalkeeper	28	Everton FC	€28.00m
B	Inglaterra	13	Nick Pope	Nick Pope	Goalkeeper	30	Newcastle United	€18.00m
B	Inglaterra	21	Ben White	Ben White	Centre-Back	25	Arsenal FC	€45.00m
B	Inglaterra	5	John Stones	John Stones	Centre-Back	28	Manchester City	€30.00m
B	Inglaterra	6	Harry Maguire	Harry Maguire	Centre-Back	29	Manchester United	€30.00m
B	Inglaterra	15	Eric Dier	Eric Dier	Centre-Back	28	Tottenham Hotspur	€30.00m
B	Inglaterra	16	Conor Coady	Conor Coady	Centre-Back	29	Everton FC	€18.00m
B	Inglaterra	3	Luke Shaw	Luke Shaw	Left-Back	27	Manchester United	€28.00m
B	Inglaterra	18	Trent Alexander-Arnold	Trent Alexander-Arnold	Right-Back	24	Liverpool FC	€70.00m
B	Inglaterra	2	Kyle Walker	Kyle Walker	Right-Back	32	Manchester City	€15.00m
B	Inglaterra	12	Kieran Trippier	Kieran Trippier	Right-Back	32	Newcastle United	€13.00m
B	Inglaterra	4	Declan Rice	Declan Rice	Defensive Midfield	23	West Ham United	€80.00m
B	Inglaterra	14	Kalvin Phillips	Kalvin Phillips	Defensive Midfield	26	Manchester City	€45.00m
B	Inglaterra	20	Phil Foden	Phil Foden	Central Midfield	22	Manchester City	€110.00m
B	Inglaterra	22	Jude Bellingham	Jude Bellingham	Central Midfield	19	Borussia Dortmund	€100.00m
B	Inglaterra	26	Conor Gallagher	Conor Gallagher	Central Midfield	22	Chelsea FC	€32.00m
B	Inglaterra	8	Jordan Henderson	Jordan Henderson	Central Midfield	32	Liverpool FC	€15.00m
B	Inglaterra	17	Bukayo Saka	Bukayo Saka	Right Midfield	21	Arsenal FC	€90.00m
B	Inglaterra	19	Mason Mount	Mason Mount	Attacking Midfield	23	Chelsea FC	€75.00m
B	Inglaterra	25	James Maddison	James Maddison	Attacking Midfield	25	Leicester City	€55.00m
B	Inglaterra	7	Jack Grealish	Jack Grealish	Left Winger	27	Manchester City	€70.00m
B	Inglaterra	10	Raheem Sterling	Raheem Sterling	Left Winger	27	Chelsea FC	€70.00m
B	Inglaterra	11	Marcus Rashford	Marcus Rashford	Left Winger	25	Manchester United	€55.00m
B	Inglaterra	9	Harry Kane	Harry Kane	Centre-Forward	29	Tottenham Hotspur	€90.00m
B	Inglaterra	24	Callum Wilson	Callum Wilson	Centre-Forward	30	Newcastle United	€18.00m
B	Iran	22	Amir Abedzadeh	Amir Abedzadeh	Goalkeeper	29	SD Ponferradina	€1.50m
B	Iran	1	Alireza Beiranvand	Alireza Beiranvand	Goalkeeper	30	Persepolis FC	€1.00m
B	Iran	24	Hossein Hosseini	Hossein Hosseini	Goalkeeper	30	Esteghlal FC	€525k
B	Iran	12	Payam Niazmand	Payam Niazmand	Goalkeeper	27	Sepahan FC	€500k
B	Iran	19	Majid Hosseini	Majid Hosseini	Centre-Back	26	Kayserispor	€3.00m
B	Iran	13	Hossein Kanaani	Hossein Kanaani	Centre-Back	28	Al-Ahli SC	€2.00m
B	Iran	8	Morteza Pouraliganji	Morteza Pouraliganji	Centre-Back	30	Persepolis FC	€700k
B	Iran	4	Shoja Khalilzadeh	Shoja Khalilzadeh	Centre-Back	33	Al-Ahli SC	€300k
B	Iran	5	Milad Mohammadi	Milad Mohammadi	Left-Back	29	AEK Athens	€2.00m
B	Iran	3	Ehsan Hajsafi	Ehsan Hajsafi	Left-Back	32	AEK Athens	€800k
B	Iran	25	Abolfazl Jalali	Abolfazl Jalali	Left-Back	24	Esteghlal FC	€400k
B	Iran	2	Sadegh Moharrami	Sadegh Moharrami	Right-Back	26	GNK Dinamo Zagreb	€2.00m
B	Iran	23	Ramin Rezaeian	Ramin Rezaeian	Right-Back	32	Sepahan FC	€450k
B	Iran	15	Roozbeh Cheshmi	Roozbeh Cheshmi	Defensive Midfield	29	Esteghlal FC	€500k
B	Iran	6	Saeid Ezatolahi	Saeid Ezatolahi	Defensive Midfield	26	Vejle Boldklub	€400k
B	Iran	21	Ahmad Nourollahi	Ahmad Nourollahi	Central Midfield	29	FC Shabab Al-Ahli Dubai	€2.00m
B	Iran	18	Ali Karimi	Ali Karimi	Central Midfield	28	Kayserispor	€100k
B	Iran	14	Saman Ghoddos	Saman Ghoddos	Attacking Midfield	29	Brentford FC	€2.20m
B	Iran	16	Mehdi Torabi	Mehdi Torabi	Left Winger	28	Persepolis FC	€800k
B	Iran	11	Vahid Amiri	Vahid Amiri	Left Winger	34	Persepolis FC	€350k
B	Iran	7	Alireza Jahanbakhsh	Alireza Jahanbakhsh	Right Winger	29	Feyenoord Rotterdam	€3.00m
B	Iran	17	Ali Gholizadeh	Ali Gholizadeh	Right Winger	26	RSC Charleroi	€2.00m
B	Iran	9	Mehdi Taremi	Mehdi Taremi	Centre-Forward	30	FC Porto	€20.00m
B	Iran	20	Sardar Azmoun	Sardar Azmoun	Centre-Forward	27	Bayer 04 Leverkusen	€12.00m
B	Iran	10	Karim Ansarifard	Karim Ansarifard	Centre-Forward	32	Omonia Nicosia	€1.00m
B	Estados Unidos	1	Matt Turner	Matt Turner	Goalkeeper	28	Arsenal FC	€5.00m
B	Estados Unidos	25	Sean Johnson	Sean Johnson	Goalkeeper	33	New York City FC	€1.50m
B	Estados Unidos	12	Ethan Horvath	Ethan Horvath	Goalkeeper	27	Luton Town	€1.00m
B	Estados Unidos	20	Cameron Carter-Vickers	Cameron Carter-Vickers	Centre-Back	24	Celtic FC	€9.50m
B	Estados Unidos	3	Walker Zimmerman	Walker Zimmerman	Centre-Back	29	Nashville SC	€3.50m
B	Estados Unidos	15	Aaron Long	Aaron Long	Centre-Back	30	New York Red Bulls	€3.00m
B	Estados Unidos	13	Tim Ream	Tim Ream	Centre-Back	35	Fulham FC	€1.00m
B	Estados Unidos	5	Antonee Robinson	Antonee Robinson	Left-Back	25	Fulham FC	€10.00m
B	Estados Unidos	2	Sergiño Dest	Sergiño Dest	Right-Back	22	AC Milan	€16.00m
B	Estados Unidos	26	Joe Scally	Joe Scally	Right-Back	19	Borussia Mönchengladbach	€12.00m
B	Estados Unidos	22	DeAndre Yedlin	DeAndre Yedlin	Right-Back	29	Inter Miami CF	€2.00m
B	Estados Unidos	18	Shaq Moore	Shaq Moore	Right-Back	26	Nashville SC	€1.00m
B	Estados Unidos	4	Tyler Adams	Tyler Adams	Defensive Midfield	23	Leeds United	€17.00m
B	Estados Unidos	23	Kellyn Acosta	Kellyn Acosta	Defensive Midfield	27	Los Angeles FC	€3.00m
B	Estados Unidos	8	Weston McKennie	Weston McKennie	Central Midfield	24	Juventus FC	€21.00m
B	Estados Unidos	6	Yunus Musah	Yunus Musah	Central Midfield	19	Valencia CF	€20.00m
B	Estados Unidos	17	Cristian Roldán	Cristian Roldán	Central Midfield	27	Seattle Sounders FC	€6.00m
B	Estados Unidos	14	Luca de la Torre	Luca de la Torre	Central Midfield	24	Celta de Vigo	€2.00m
B	Estados Unidos	7	Giovanni Reyna	Giovanni Reyna	Attacking Midfield	20	Borussia Dortmund	€35.00m
B	Estados Unidos	11	Brenden Aaronson	Brenden Aaronson	Attacking Midfield	22	Leeds United	€30.00m
B	Estados Unidos	16	Jordan Morris	Jordan Morris	Left Winger	28	Seattle Sounders FC	€4.50m
B	Estados Unidos	10	Christian Pulisic	Christian Pulisic	Right Winger	24	Chelsea FC	€38.00m
B	Estados Unidos	21	Timothy Weah	Timothy Weah	Centre-Forward	22	LOSC Lille	€12.00m
B	Estados Unidos	24	Josh Sargent	Josh Sargent	Centre-Forward	22	Norwich City	€12.00m
B	Estados Unidos	9	Jesús Ferreira	Jesús Ferreira	Centre-Forward	21	FC Dallas	€8.00m
B	Estados Unidos	19	Haji Wright	Haji Wright	Centre-Forward	24	Antalyaspor	€3.40m
B	Gales	12	Danny Ward	Danny Ward	Goalkeeper	29	Leicester City	€8.00m
B	Gales	1	Wayne Hennessey	Wayne Hennessey	Goalkeeper	35	Nottingham Forest	€500k
B	Gales	21	Adam Davies	Adam Davies	Goalkeeper	30	Sheffield United	€500k
B	Gales	6	Joe Rodon	Joe Rodon	Centre-Back	25	Stade Rennais FC	€9.00m
B	Gales	15	Ethan Ampadu	Ethan Ampadu	Centre-Back	22	Spezia Calcio	€9.00m
B	Gales	24	Ben Cabango	Ben Cabango	Centre-Back	22	Swansea City	€8.00m
B	Gales	5	Chris Mepham	Chris Mepham	Centre-Back	25	AFC Bournemouth	€6.00m
B	Gales	17	Tom Lockyer	Tom Lockyer	Centre-Back	27	Luton Town	€2.00m
B	Gales	4	Ben Davies	Ben Davies	Left-Back	29	Tottenham Hotspur	€20.00m
B	Gales	3	Neco Williams	Neco Williams	Right-Back	21	Nottingham Forest	€18.00m
B	Gales	14	Connor Roberts	Connor Roberts	Right-Back	27	Burnley FC	€6.00m
B	Gales	2	Chris Gunter	Chris Gunter	Right-Back	33	AFC Wimbledon	€300k
B	Gales	26	Matt Smith	Matt Smith	Defensive Midfield	22	Milton Keynes Dons	€600k
B	Gales	10	Aaron Ramsey	Aaron Ramsey	Central Midfield	31	OGC Nice	€3.00m
B	Gales	7	Joe Allen	Joe Allen	Central Midfield	32	Swansea City	€1.00m
B	Gales	23	Dylan Levitt	Dylan Levitt	Central Midfield	22	Dundee United FC	€850k
B	Gales	16	Joe Morrell	Joe Morrell	Central Midfield	25	Portsmouth FC	€500k
B	Gales	25	Rubin Colwill	Rubin Colwill	Attacking Midfield	20	Cardiff City	€1.50m
B	Gales	18	Jonathan Williams	Jonathan Williams	Attacking Midfield	29	Swindon Town	€400k
B	Gales	8	Harry Wilson	Harry Wilson	Right Winger	25	Fulham FC	€17.00m
B	Gales	20	Daniel James	Daniel James	Right Winger	25	Fulham FC	€16.00m
B	Gales	22	Sorba Thomas	Sorba Thomas	Right Winger	23	Huddersfield Town	€5.00m
B	Gales	11	Gareth Bale	Gareth Bale	Right Winger	33	Los Angeles FC	€2.00m
B	Gales	9	Brennan Johnson	Brennan Johnson	Second Striker	21	Nottingham Forest	€20.00m
B	Gales	13	Kieffer Moore	Kieffer Moore	Centre-Forward	30	AFC Bournemouth	€4.00m
B	Gales	19	Mark Harris	Mark Harris	Centre-Forward	23	Cardiff City	€1.00m
C	Argentina	23	Emiliano Martínez	Emiliano Martínez	Goalkeeper	30	Aston Villa	€25.00m
C	Argentina	12	Gerónimo Rulli	Gerónimo Rulli	Goalkeeper	30	Villarreal CF	€10.00m
C	Argentina	1	Franco Armani	Franco Armani	Goalkeeper	36	CA River Plate	€3.20m
C	Argentina	13	Cristian Romero	Cristian Romero	Centre-Back	24	Tottenham Hotspur	€55.00m
C	Argentina	25	Lisandro Martínez	Lisandro Martínez	Centre-Back	24	Manchester United	€50.00m
C	Argentina	6	Germán Pezzella	Germán Pezzella	Centre-Back	31	Real Betis Balompié	€5.00m
C	Argentina	19	Nicolás Otamendi	Nicolás Otamendi	Centre-Back	34	SL Benfica	€3.00m
C	Argentina	8	Marcos Acuña	Marcos Acuña	Left-Back	31	Sevilla FC	€14.00m
C	Argentina	3	Nicolás Tagliafico	Nicolás Tagliafico	Left-Back	30	Olympique Lyon	€9.00m
C	Argentina	2	Juan Foyth	Juan Foyth	Right-Back	24	Villarreal CF	€25.00m
C	Argentina	26	Nahuel Molina	Nahuel Molina	Right-Back	24	Atlético de Madrid	€18.00m
C	Argentina	4	Gonzalo Montiel	Gonzalo Montiel	Right-Back	25	Sevilla FC	€12.00m
C	Argentina	18	Guido Rodríguez	Guido Rodríguez	Defensive Midfield	28	Real Betis Balompié	€28.00m
C	Argentina	5	Leandro Paredes	Leandro Paredes	Defensive Midfield	28	Juventus FC	€15.00m
C	Argentina	7	Rodrigo de Paul	Rodrigo de Paul	Central Midfield	28	Atlético de Madrid	€35.00m
C	Argentina	24	Enzo Fernández	Enzo Fernández	Central Midfield	21	SL Benfica	€35.00m
C	Argentina	20	Alexis Mac Allister	Alexis Mac Allister	Central Midfield	23	Brighton & Hove Albion	€32.00m
C	Argentina	14	Exequiel Palacios	Exequiel Palacios	Central Midfield	24	Bayer 04 Leverkusen	€15.00m
C	Argentina	16	Thiago Almada	Thiago Almada	Attacking Midfield	21	Atlanta United FC	€15.00m
C	Argentina	15	Papu Gómez	Papu Gómez	Left Winger	34	Sevilla FC	€4.00m
C	Argentina	10	Lionel Messi	Lionel Messi	Right Winger	35	Paris Saint-Germain	€50.00m
C	Argentina	16	Ángel Correa	Ángel Correa	Right Winger	27	Atlético de Madrid	€40.00m
C	Argentina	11	Ángel Di María	Ángel Di María	Right Winger	34	Juventus FC	€10.00m
C	Argentina	21	Paulo Dybala	Paulo Dybala	Second Striker	29	AS Roma	€30.00m
C	Argentina	22	Lautaro Martínez	Lautaro Martínez	Centre-Forward	25	Inter Milan	€75.00m
C	Argentina	9	Julián Álvarez	Julián Álvarez	Centre-Forward	22	Manchester City	€32.00m
C	Arabia Saudita	21	Mohammed Al-Owais	Mohammed Al-Owais	Goalkeeper	31	Al-Hilal Saudi FC	€700k
C	Arabia Saudita	1	Mohammed Al-Yami	Mohammed Al-Yami	Goalkeeper	25	Al-Ahli Saudi FC	€600k
C	Arabia Saudita	22	Nawaf Al-Aqidi	Nawaf Al-Aqidi	Goalkeeper	22	Al-Nassr FC	€200k
C	Arabia Saudita	4	Abdulelah Al-Amri	Abdulelah Al-Amri	Centre-Back	25	Al-Nassr FC	€1.20m
C	Arabia Saudita	17	Hassan Tambakti	Hassan Tambakti	Centre-Back	23	Al-Shabab Club (Riyadh)	€1.00m
C	Arabia Saudita	3	Abdullah Madu	Abdullah Madu	Centre-Back	29	Al-Nassr FC	€900k
C	Arabia Saudita	5	Ali Al-Bulayhi	Ali Al-Bulayhi	Centre-Back	32	Al-Hilal Saudi FC	€400k
C	Arabia Saudita	13	Yasser Al-Shahrani	Yasser Al-Shahrani	Left-Back	30	Al-Hilal Saudi FC	€1.50m
C	Arabia Saudita	24	Nasser Al-Dawsari	Nasser Al-Dawsari	Left-Back	23	Al-Hilal Saudi FC	€700k
C	Arabia Saudita	2	Sultan Al-Ghannam	Sultan Al-Ghannam	Right-Back	28	Al-Nassr FC	€2.50m
C	Arabia Saudita	12	Saud Abdulhamid	Saud Abdulhamid	Right-Back	23	Al-Hilal Saudi FC	€1.70m
C	Arabia Saudita	6	Mohammed Al-Burayk	Mohammed Al-Burayk	Right-Back	30	Al-Hilal Saudi FC	€1.20m
C	Arabia Saudita	15	Ali Al-Hassan	Ali Al-Hassan	Defensive Midfield	25	Al-Nassr FC	€500k
C	Arabia Saudita	26	Riad Sharahili	Riad Sharahili	Defensive Midfield	29	Abha Club	€400k
C	Arabia Saudita	14	Abdullah Otayf	Abdullah Otayf	Defensive Midfield	30	Al-Hilal Saudi FC	€300k
C	Arabia Saudita	23	Mohamed Kanno	Mohamed Kanno	Central Midfield	28	Al-Hilal Saudi FC	€1.20m
C	Arabia Saudita	8	Abdulelah Al-Malki	Abdulelah Al-Malki	Central Midfield	28	Al-Hilal Saudi FC	€800k
C	Arabia Saudita	7	Salman Al-Faraj	Salman Al-Faraj	Central Midfield	33	Al-Hilal Saudi FC	€500k
C	Arabia Saudita	16	Sami Al-Najei	Sami Al-Najei	Attacking Midfield	25	Al-Nassr FC	€1.50m
C	Arabia Saudita	18	Nawaf Al-Abed	Nawaf Al-Abed	Attacking Midfield	32	Al-Shabab Club (Riyadh)	€300k
C	Arabia Saudita	10	Salem Al-Dawsari	Salem Al-Dawsari	Left Winger	31	Al-Hilal Saudi FC	€1.80m
C	Arabia Saudita	20	Abdulrahman Al-Oboud	Abdulrahman Al-Oboud	Right Winger	27	Al-Ittihad Club (Jeddah)	€1.50m
C	Arabia Saudita	19	Hattan Bahebri	Hattan Bahebri	Right Winger	30	Al-Shabab Club (Riyadh)	€900k
C	Arabia Saudita	9	Firas Al-Buraikan	Firas Al-Buraikan	Centre-Forward	22	Al-Fateh	€1.80m
C	Arabia Saudita	11	Saleh Al-Shehri	Saleh Al-Shehri	Centre-Forward	29	Al-Hilal Saudi FC	€700k
C	Arabia Saudita	25	Haitham Asiri	Haitham Asiri	Centre-Forward	21	Al-Ahli Saudi FC	€400k
C	Mexico	12	Rodolfo Cota	Rodolfo Cota	Goalkeeper	35	Club León FC	€1.20m
C	Mexico	13	Guillermo Ochoa	Guillermo Ochoa	Goalkeeper	37	CF América	€1.20m
C	Mexico	1	Alfredo Talavera	Alfredo Talavera	Goalkeeper	40	FC Juárez	€800k
C	Mexico	3	César Montes	César Montes	Centre-Back	25	CF Monterrey	€7.00m
C	Mexico	5	Johan Vásquez	Johan Vásquez	Centre-Back	24	US Cremonese	€3.60m
C	Mexico	2	Néstor Araújo	Néstor Araújo	Centre-Back	31	CF América	€3.00m
C	Mexico	15	Héctor Moreno	Héctor Moreno	Centre-Back	34	CF Monterrey	€1.50m
C	Mexico	6	Gerardo Arteaga	Gerardo Arteaga	Left-Back	24	KRC Genk	€5.00m
C	Mexico	23	Jesús Gallardo	Jesús Gallardo	Left-Back	28	CF Monterrey	€3.00m
C	Mexico	19	Jorge Sánchez	Jorge Sánchez	Right-Back	24	Ajax Amsterdam	€6.00m
C	Mexico	26	Kevin Álvarez	Kevin Álvarez	Right-Back	23	CF Pachuca	€6.00m
C	Mexico	4	Edson Álvarez	Edson Álvarez	Defensive Midfield	25	Ajax Amsterdam	€35.00m
C	Mexico	24	Luis Chávez	Luis Chávez	Defensive Midfield	26	CF Pachuca	€6.50m
C	Mexico	8	Carlos Rodríguez	Carlos Rodríguez	Central Midfield	25	CD Cruz Azul	€8.00m
C	Mexico	14	Érick Gutiérrez	Érick Gutiérrez	Central Midfield	27	PSV Eindhoven	€7.00m
C	Mexico	7	Luis Romo	Luis Romo	Central Midfield	27	CF Monterrey	€6.50m
C	Mexico	17	Orbelín Pineda	Orbelín Pineda	Central Midfield	26	AEK Athens	€4.00m
C	Mexico	16	Héctor Herrera	Héctor Herrera	Central Midfield	32	Houston Dynamo FC	€2.80m
C	Mexico	18	Andrés Guardado	Andrés Guardado	Central Midfield	36	Real Betis Balompié	€1.50m
C	Mexico	10	Alexis Vega	Alexis Vega	Left Winger	24	Deportivo Guadalajara	€8.00m
C	Mexico	22	Hirving Lozano	Hirving Lozano	Right Winger	27	SSC Napoli	€28.00m
C	Mexico	25	Roberto Alvarado	Roberto Alvarado	Right Winger	24	Deportivo Guadalajara	€5.00m
C	Mexico	21	Uriel Antuna	Uriel Antuna	Right Winger	25	CD Cruz Azul	€4.00m
C	Mexico	9	Raúl Jiménez	Raúl Jiménez	Centre-Forward	31	Wolverhampton Wanderers	€12.00m
C	Mexico	20	Henry Martín	Henry Martín	Centre-Forward	30	CF América	€6.00m
C	Mexico	11	Rogelio Funes Mori	Rogelio Funes Mori	Centre-Forward	31	CF Monterrey	€3.50m
C	Polonia	1	Wojciech Szczesny	Wojciech Szczesny	Goalkeeper	32	Juventus FC	€13.00m
C	Polonia	22	Kamil Grabara	Kamil Grabara	Goalkeeper	23	FC Copenhagen	€5.00m
C	Polonia	12	Lukasz Skorupski	Lukasz Skorupski	Goalkeeper	31	Bologna FC 1909	€3.00m
C	Polonia	5	Jan Bednarek	Jan Bednarek	Centre-Back	26	Aston Villa	€18.00m
C	Polonia	14	Jakub Kiwior	Jakub Kiwior	Centre-Back	22	Spezia Calcio	€6.00m
C	Polonia	4	Mateusz Wieteska	Mateusz Wieteska	Centre-Back	25	Clermont Foot 63	€3.00m
C	Polonia	15	Kamil Glik	Kamil Glik	Centre-Back	34	Benevento Calcio	€800k
C	Polonia	3	Artur Jedrzejczyk	Artur Jedrzejczyk	Centre-Back	35	Legia Warszawa	€300k
C	Polonia	2	Matty Cash	Matty Cash	Right-Back	25	Aston Villa	€22.00m
C	Polonia	25	Robert Gumny	Robert Gumny	Right-Back	24	FC Augsburg	€3.50m
C	Polonia	18	Bartosz Bereszynski	Bartosz Bereszynski	Right-Back	30	UC Sampdoria	€3.00m
C	Polonia	10	Grzegorz Krychowiak	Grzegorz Krychowiak	Defensive Midfield	32	Al-Shabab Club (Riyadh)	€6.00m
C	Polonia	6	Krystian Bielik	Krystian Bielik	Defensive Midfield	24	Birmingham City	€3.00m
C	Polonia	17	Szymon Zurkowski	Szymon Zurkowski	Central Midfield	25	ACF Fiorentina	€5.80m
C	Polonia	8	Damian Szymanski	Damian Szymanski	Central Midfield	27	AEK Athens	€2.00m
C	Polonia	24	Przemyslaw Frankowski	Przemyslaw Frankowski	Right Midfield	27	RC Lens	€7.00m
C	Polonia	21	Nicola Zalewski	Nicola Zalewski	Left Midfield	20	AS Roma	€15.00m
C	Polonia	20	Piotr Zielinski	Piotr Zielinski	Attacking Midfield	28	SSC Napoli	€40.00m
C	Polonia	19	Sebastian Szymanski	Sebastian Szymanski	Attacking Midfield	23	Feyenoord Rotterdam	€14.00m
C	Polonia	13	Jakub Kaminski	Jakub Kaminski	Left Winger	20	VfL Wolfsburg	€10.00m
C	Polonia	11	Kamil Grosicki	Kamil Grosicki	Left Winger	34	Pogon Szczecin	€700k
C	Polonia	26	Michal Skoras	Michal Skoras	Right Winger	22	Lech Poznan	€3.50m
C	Polonia	9	Robert Lewandowski	Robert Lewandowski	Centre-Forward	34	FC Barcelona	€45.00m
C	Polonia	23	Krzysztof Piatek	Krzysztof Piatek	Centre-Forward	27	US Salernitana 1919	€11.00m
C	Polonia	7	Arkadiusz Milik	Arkadiusz Milik	Centre-Forward	28	Juventus FC	€10.00m
C	Polonia	16	Karol Swiderski	Karol Swiderski	Centre-Forward	25	Charlotte FC	€5.00m
D	France	23	Alphonse Areola	Alphonse Areola	Goalkeeper	29	West Ham United	€8.00m
D	France	16	Steve Mandanda	Steve Mandanda	Goalkeeper	37	Stade Rennais FC	€1.50m
D	France	17	William Saliba	William Saliba	Centre-Back	21	Arsenal FC	€50.00m
D	France	21	Lucas Hernández	Lucas Hernández	Centre-Back	26	Bayern Munich	€50.00m
D	France	24	Ibrahima Konaté	Ibrahima Konaté	Centre-Back	23	Liverpool FC	€35.00m
D	France	22	Theo Hernández	Theo Hernández	Left-Back	25	AC Milan	€55.00m
D	France	8	Aurélien Tchouameni	Aurélien Tchouameni	Defensive Midfield	22	Real Madrid	€80.00m
D	France	6	Mattéo Guendouzi	Mattéo Guendouzi	Central Midfield	23	Olympique Marseille	€25.00m
D	France	14	Adrien Rabiot	Adrien Rabiot	Central Midfield	27	Juventus FC	€18.00m
D	France	11	Ousmane Dembélé	Ousmane Dembélé	Right Winger	25	FC Barcelona	€60.00m
D	France	7	Antoine Griezmann	Antoine Griezmann	Second Striker	31	Atlético de Madrid	€25.00m
D	France	19	Karim Benzema	Karim Benzema	Centre-Forward	34	Real Madrid	€35.00m
D	France	26	Marcus Thuram	Marcus Thuram	Centre-Forward	25	Borussia Mönchengladbach	€30.00m
D	France	23	Alphonse Areola	Alphonse Areola	Goalkeeper	29	West Ham United	€8.00m
D	France	1	Hugo Lloris	Hugo Lloris	Goalkeeper	35	Tottenham Hotspur	€7.00m
D	France	5	Jules Koundé	Jules Koundé	Centre-Back	24	FC Barcelona	€60.00m
D	France	18	Dayot Upamecano	Dayot Upamecano	Centre-Back	24	Bayern Munich	€50.00m
D	France	4	Raphaël Varane	Raphaël Varane	Centre-Back	29	Manchester United	€40.00m
D	France	3	Axel Disasi	Axel Disasi	Centre-Back	24	AS Monaco	€25.00m
D	France	2	Benjamin Pavard	Benjamin Pavard	Right-Back	26	Bayern Munich	€35.00m
D	France	25	Eduardo Camavinga	Eduardo Camavinga	Central Midfield	20	Real Madrid	€50.00m
D	France	13	Youssouf Fofana	Youssouf Fofana	Central Midfield	23	AS Monaco	€25.00m
D	France	15	Jordan Veretout	Jordan Veretout	Central Midfield	29	Olympique Marseille	€14.00m
D	France	20	Kingsley Coman	Kingsley Coman	Right Winger	26	Bayern Munich	€60.00m
D	France	10	Kylian Mbappé	Kylian Mbappé	Centre-Forward	23	Paris Saint-Germain	€160.00m
D	France	12	Randal Kolo Muani	Randal Kolo Muani	Centre-Forward	23	Eintracht Frankfurt	€30.00m
D	France	9	Olivier Giroud	Olivier Giroud	Centre-Forward	36	AC Milan	€4.00m
D	Australia	1	Mathew Ryan	Mathew Ryan	Goalkeeper	30	FC Copenhagen	€5.00m
D	Australia	18	Danny Vukovic	Danny Vukovic	Goalkeeper	37	Central Coast Mariners	€150k
D	Australia	2	Milos Degenek	Milos Degenek	Centre-Back	28	Columbus Crew	€2.00m
D	Australia	4	Kye Rowles	Kye Rowles	Centre-Back	24	Heart of Midlothian FC	€600k
D	Australia	16	Aziz Behich	Aziz Behich	Left-Back	31	Dundee United FC	€700k
D	Australia	5	Fran Karacic	Fran Karacic	Right-Back	26	Brescia Calcio	€1.20m
D	Australia	17	Cammy Devlin	Cammy Devlin	Defensive Midfield	24	Heart of Midlothian FC	€700k
D	Australia	13	Aaron Mooy	Aaron Mooy	Central Midfield	32	Celtic FC	€4.00m
D	Australia	22	Jackson Irvine	Jackson Irvine	Central Midfield	29	FC St. Pauli	€2.00m
D	Australia	11	Awer Mabil	Awer Mabil	Left Winger	27	Cádiz CF	€1.50m
D	Australia	7	Mathew Leckie	Mathew Leckie	Left Winger	31	Melbourne City FC	€800k
D	Australia	9	Jamie Maclaren	Jamie Maclaren	Centre-Forward	29	Melbourne City FC	€1.80m
D	Australia	15	Mitchell Duke	Mitchell Duke	Centre-Forward	31	Fagiano Okayama	€800k
D	Australia	1	Mathew Ryan	Mathew Ryan	Goalkeeper	30	FC Copenhagen	€5.00m
D	Australia	12	Andrew Redmayne	Andrew Redmayne	Goalkeeper	33	Sydney FC	€500k
D	Australia	19	Harry Souttar	Harry Souttar	Centre-Back	24	Stoke City	€4.50m
D	Australia	8	Bailey Wright	Bailey Wright	Centre-Back	30	Sunderland AFC	€700k
D	Australia	20	Thomas Deng	Thomas Deng	Centre-Back	25	Albirex Niigata	€600k
D	Australia	24	Joel King	Joel King	Left-Back	22	Odense Boldklub	€500k
D	Australia	3	Nathaniel Atkinson	Nathaniel Atkinson	Right-Back	23	Heart of Midlothian FC	€1.00m
D	Australia	26	Keanu Baccus	Keanu Baccus	Defensive Midfield	24	St. Mirren FC	€650k
D	Australia	14	Riley McGree	Riley McGree	Central Midfield	24	Middlesbrough FC	€2.00m
D	Australia	10	Ajdin Hrustic	Ajdin Hrustic	Attacking Midfield	26	Hellas Verona	€1.80m
D	Australia	23	Craig Goodwin	Craig Goodwin	Left Winger	30	Adelaide United	€1.20m
D	Australia	6	Martin Boyle	Martin Boyle	Right Winger	29	Hibernian FC	€2.00m
D	Australia	25	Jason Cummings	Jason Cummings	Centre-Forward	27	Central Coast Mariners	€900k
D	Australia	21	Garang Kuol	Garang Kuol	Centre-Forward	18	Central Coast Mariners	€800k
D	Denmark	16	Oliver Christensen	Oliver Christensen	Goalkeeper	23	Hertha BSC	€4.50m
D	Denmark	1	Kasper Schmeichel	Kasper Schmeichel	Goalkeeper	36	OGC Nice	€2.50m
D	Denmark	6	Andreas Christensen	Andreas Christensen	Centre-Back	26	FC Barcelona	€30.00m
D	Denmark	4	Simon Kjaer	Simon Kjaer	Centre-Back	33	AC Milan	€5.00m
D	Denmark	13	Rasmus Kristensen	Rasmus Kristensen	Right-Back	25	Leeds United	€15.00m
D	Denmark	17	Jens Stryger Larsen	Jens Stryger Larsen	Right-Back	31	Trabzonspor	€2.00m
D	Denmark	23	Pierre-Emile Höjbjerg	Pierre-Emile Höjbjerg	Central Midfield	27	Tottenham Hotspur	€45.00m
D	Denmark	8	Thomas Delaney	Thomas Delaney	Central Midfield	31	Sevilla FC	€3.00m
D	Denmark	11	Andreas Skov Olsen	Andreas Skov Olsen	Right Midfield	22	Club Brugge KV	€20.00m
D	Denmark	10	Christian Eriksen	Christian Eriksen	Attacking Midfield	30	Manchester United	€25.00m
D	Denmark	24	Robert Skov	Robert Skov	Right Winger	26	TSG 1899 Hoffenheim	€9.00m
D	Denmark	12	Kasper Dolberg	Kasper Dolberg	Centre-Forward	25	Sevilla FC	€12.00m
D	Denmark	21	Andreas Cornelius	Andreas Cornelius	Centre-Forward	29	FC Copenhagen	€6.00m
D	Denmark	16	Oliver Christensen	Oliver Christensen	Goalkeeper	23	Hertha BSC	€4.50m
D	Denmark	22	Frederik Rönnow	Frederik Rönnow	Goalkeeper	30	1.FC Union Berlin	€3.50m
D	Denmark	2	Joachim Andersen	Joachim Andersen	Centre-Back	26	Crystal Palace	€32.00m
D	Denmark	3	Victor Nelsson	Victor Nelsson	Centre-Back	24	Galatasaray	€14.00m
D	Denmark	5	Joakim Maehle	Joakim Maehle	Left-Back	25	Atalanta BC	€14.00m
D	Denmark	26	Alexander Bah	Alexander Bah	Right-Back	24	SL Benfica	€8.00m
D	Denmark	15	Christian Nörgaard	Christian Nörgaard	Defensive Midfield	28	Brentford FC	€14.00m
D	Denmark	7	Mathias Jensen	Mathias Jensen	Central Midfield	26	Brentford FC	€14.00m
D	Denmark	18	Daniel Wass	Daniel Wass	Central Midfield	33	Bröndby IF	€2.50m
D	Denmark	25	Jesper Lindström	Jesper Lindström	Attacking Midfield	22	Eintracht Frankfurt	€28.00m
D	Denmark	14	Mikkel Damsgaard	Mikkel Damsgaard	Left Winger	22	Brentford FC	€15.00m
D	Denmark	19	Jonas Wind	Jonas Wind	Centre-Forward	23	VfL Wolfsburg	€14.00m
D	Denmark	20	Yussuf Poulsen	Yussuf Poulsen	Centre-Forward	28	RB Leipzig	€10.00m
D	Denmark	9	Martin Braithwaite	Martin Braithwaite	Centre-Forward	31	RCD Espanyol Barcelona	€5.00m
D	Tunisia	16	Aymen Dahmen	Aymen Dahmen	Goalkeeper	25	Club Sportif Sfaxien	€950k
D	Tunisia	26	Mouez Hassen	Mouez Hassen	Goalkeeper	27	Club Africain Tunis	€450k
D	Tunisia	3	Montassar Talbi	Montassar Talbi	Centre-Back	24	FC Lorient	€4.00m
D	Tunisia	4	Yassine Meriah	Yassine Meriah	Centre-Back	29	Esperance Tunis	€2.00m
D	Tunisia	2	Bilel Ifa	Bilel Ifa	Centre-Back	32	Kuwait SC	€350k
D	Tunisia	24	Ali Abdi	Ali Abdi	Left-Back	28	SM Caen	€1.50m
D	Tunisia	21	Wajdi Kechrida	Wajdi Kechrida	Right-Back	27	Atromitos Athen	€800k
D	Tunisia	14	Aïssa Laïdouni	Aïssa Laïdouni	Central Midfield	25	Ferencvárosi TC	€4.00m
D	Tunisia	15	Mohamed Ali Ben Romdhane	Mohamed Ali Ben Romdhane	Central Midfield	23	Esperance Tunis	€2.70m
D	Tunisia	18	Ghaylen Chaaleli	Ghaylen Chaaleli	Central Midfield	28	Esperance Tunis	€1.20m
D	Tunisia	23	Naïm Sliti	Naïm Sliti	Left Winger	30	Ettifaq FC	€6.00m
D	Tunisia	9	Issam Jebali	Issam Jebali	Second Striker	30	Odense Boldklub	€500k
D	Tunisia	19	Seifeddine Jaziri	Seifeddine Jaziri	Centre-Forward	29	Zamalek SC	€1.50m
D	Tunisia	16	Aymen Dahmen	Aymen Dahmen	Goalkeeper	25	Club Sportif Sfaxien	€950k
D	Tunisia	22	Bechir Ben Said	Bechir Ben Said	Goalkeeper	27	US Monastir	€900k
D	Tunisia	1	Aymen Balbouli	Aymen Balbouli	Goalkeeper	38	Etoile Sportive du Sahel	€50k
D	Tunisia	6	Dylan Bronn	Dylan Bronn	Centre-Back	27	US Salernitana 1919	€3.00m
D	Tunisia	5	Nader Ghandri	Nader Ghandri	Centre-Back	27	Club Africain Tunis	€650k
D	Tunisia	12	Ali Maâloul	Ali Maâloul	Left-Back	32	El Ahly Cairo	€1.50m
D	Tunisia	20	Mohamed Dräger	Mohamed Dräger	Right-Back	26	FC Luzern	€1.30m
D	Tunisia	17	Ellyes Skhiri	Ellyes Skhiri	Defensive Midfield	27	1. FC Köln	€13.00m
D	Tunisia	25	Anis Slimane	Anis Slimane	Central Midfield	21	Bröndby IF	€3.50m
D	Tunisia	13	Ferjani Sassi	Ferjani Sassi	Central Midfield	30	Al-Duhail SC	€1.75m
D	Tunisia	8	Hannibal Mejbri	Hannibal Mejbri	Attacking Midfield	19	Birmingham City	€6.00m
D	Tunisia	7	Youssef Msakni	Youssef Msakni	Left Winger	32	Al-Arabi SC	€1.20m
D	Tunisia	10	Wahbi Khazri	Wahbi Khazri	Centre-Forward	31	Montpellier HSC	€3.00m
D	Tunisia	11	Taha Yassine Khenissi	Taha Yassine Khenissi	Centre-Forward	30	Kuwait SC	€600k
E	Germany	22	Marc-André ter Stegen	Marc-André ter Stegen	Goalkeeper	30	FC Barcelona	€30.00m
E	Germany	12	Kevin Trapp	Kevin Trapp	Goalkeeper	32	Eintracht Frankfurt	€8.50m
E	Germany	15	Niklas Süle	Niklas Süle	Centre-Back	27	Borussia Dortmund	€35.00m
E	Germany	5	Thilo Kehrer	Thilo Kehrer	Centre-Back	26	West Ham United	€22.00m
E	Germany	25	Armel Bella-Kotchap	Armel Bella-Kotchap	Centre-Back	20	Southampton FC	€18.00m
E	Germany	3	David Raum	David Raum	Left-Back	24	RB Leipzig	€26.00m
E	Germany	6	Joshua Kimmich	Joshua Kimmich	Defensive Midfield	27	Bayern Munich	€80.00m
E	Germany	21	Ilkay Gündogan	Ilkay Gündogan	Central Midfield	32	Manchester City	€25.00m
E	Germany	7	Kai Havertz	Kai Havertz	Attacking Midfield	23	Chelsea FC	€70.00m
E	Germany	11	Mario Götze	Mario Götze	Attacking Midfield	30	Eintracht Frankfurt	€13.00m
E	Germany	10	Serge Gnabry	Serge Gnabry	Right Winger	27	Bayern Munich	€65.00m
E	Germany	18	Jonas Hofmann	Jonas Hofmann	Right Winger	30	Borussia Mönchengladbach	€13.00m
E	Germany	26	Youssoufa Moukoko	Youssoufa Moukoko	Centre-Forward	17	Borussia Dortmund	€30.00m
E	Germany	22	Marc-André ter Stegen	Marc-André ter Stegen	Goalkeeper	30	FC Barcelona	€30.00m
E	Germany	1	Manuel Neuer	Manuel Neuer	Goalkeeper	36	Bayern Munich	€12.00m
E	Germany	2	Antonio Rüdiger	Antonio Rüdiger	Centre-Back	29	Real Madrid	€40.00m
E	Germany	23	Nico Schlotterbeck	Nico Schlotterbeck	Centre-Back	22	Borussia Dortmund	€33.00m
E	Germany	4	Matthias Ginter	Matthias Ginter	Centre-Back	28	SC Freiburg	€20.00m
E	Germany	16	Lukas Klostermann	Lukas Klostermann	Centre-Back	26	RB Leipzig	€14.00m
E	Germany	20	Christian Günter	Christian Günter	Left-Back	29	SC Freiburg	€10.00m
E	Germany	8	Leon Goretzka	Leon Goretzka	Central Midfield	27	Bayern Munich	€65.00m
E	Germany	14	Jamal Musiala	Jamal Musiala	Attacking Midfield	19	Bayern Munich	€100.00m
E	Germany	17	Julian Brandt	Julian Brandt	Attacking Midfield	26	Borussia Dortmund	€28.00m
E	Germany	19	Leroy Sané	Leroy Sané	Left Winger	26	Bayern Munich	€70.00m
E	Germany	24	Karim Adeyemi	Karim Adeyemi	Right Winger	20	Borussia Dortmund	€35.00m
E	Germany	13	Thomas Müller	Thomas Müller	Second Striker	33	Bayern Munich	€18.00m
E	Germany	9	Niclas Füllkrug	Niclas Füllkrug	Centre-Forward	29	SV Werder Bremen	€5.00m
E	Spain	1	Robert Sánchez	Robert Sánchez	Goalkeeper	25	Brighton &amp; Hove Albion	€32.00m
E	Spain	13	David Raya	David Raya	Goalkeeper	27	Brentford FC	€22.00m
E	Spain	24	Aymeric Laporte	Aymeric Laporte	Centre-Back	28	Manchester City	€38.00m
E	Spain	14	Alejandro Balde	Alejandro Balde	Left-Back	19	FC Barcelona	€15.00m
E	Spain	20	Daniel Carvajal	Daniel Carvajal	Right-Back	30	Real Madrid	€18.00m
E	Spain	16	Rodri	Rodri	Defensive Midfield	26	Manchester City	€80.00m
E	Spain	5	Sergio Busquets	Sergio Busquets	Defensive Midfield	34	FC Barcelona	€5.00m
E	Spain	9	Gavi	Gavi	Central Midfield	18	FC Barcelona	€90.00m
E	Spain	19	Carlos Soler	Carlos Soler	Central Midfield	25	Paris Saint-Germain	€35.00m
E	Spain	21	Dani Olmo	Dani Olmo	Attacking Midfield	24	RB Leipzig	€40.00m
E	Spain	11	Ferran Torres	Ferran Torres	Left Winger	22	FC Barcelona	€35.00m
E	Spain	10	Marco Asensio	Marco Asensio	Right Winger	26	Real Madrid	€25.00m
E	Spain	22	Pablo Sarabia	Pablo Sarabia	Right Winger	30	Paris Saint-Germain	€20.00m
E	Spain	1	Robert Sánchez	Robert Sánchez	Goalkeeper	25	Brighton &amp; Hove Albion	€32.00m
E	Spain	23	Unai Simón	Unai Simón	Goalkeeper	25	Athletic Bilbao	€25.00m
E	Spain	4	Pau Torres	Pau Torres	Centre-Back	25	Villarreal CF	€50.00m
E	Spain	3	Eric García	Eric García	Centre-Back	21	FC Barcelona	€18.00m
E	Spain	18	Jordi Alba	Jordi Alba	Left-Back	33	FC Barcelona	€5.00m
E	Spain	2	César Azpilicueta	César Azpilicueta	Right-Back	33	Chelsea FC	€8.00m
E	Spain	15	Hugo Guillamón	Hugo Guillamón	Defensive Midfield	22	Valencia CF	€25.00m
E	Spain	26	Pedri	Pedri	Central Midfield	19	FC Barcelona	€100.00m
E	Spain	6	Marcos Llorente	Marcos Llorente	Central Midfield	27	Atlético de Madrid	€35.00m
E	Spain	8	Koke	Koke	Central Midfield	30	Atlético de Madrid	€18.00m
E	Spain	25	Ansu Fati	Ansu Fati	Left Winger	20	FC Barcelona	€50.00m
E	Spain	17	Yéremy Pino	Yéremy Pino	Right Winger	20	Villarreal CF	€38.00m
E	Spain	12	Nico Williams	Nico Williams	Right Winger	20	Athletic Bilbao	€25.00m
E	Spain	7	Álvaro Morata	Álvaro Morata	Centre-Forward	30	Atlético de Madrid	€25.00m
E	Japan	23	Daniel Schmidt	Daniel Schmidt	Goalkeeper	30	Sint-Truidense VV	€1.50m
E	Japan	1	Eiji Kawashima	Eiji Kawashima	Goalkeeper	39	RC Strasbourg Alsace	€200k
E	Japan	26	Hiroki Ito	Hiroki Ito	Centre-Back	23	VfB Stuttgart	€5.50m
E	Japan	22	Maya Yoshida	Maya Yoshida	Centre-Back	34	FC Schalke 04	€1.50m
E	Japan	16	Takehiro Tomiyasu	Takehiro Tomiyasu	Right-Back	24	Arsenal FC	€25.00m
E	Japan	19	Hiroki Sakai	Hiroki Sakai	Right-Back	32	Urawa Red Diamonds	€1.70m
E	Japan	6	Wataru Endo	Wataru Endo	Defensive Midfield	29	VfB Stuttgart	€6.50m
E	Japan	7	Gaku Shibasaki	Gaku Shibasaki	Central Midfield	30	CD Leganés	€1.00m
E	Japan	10	Takumi Minamino	Takumi Minamino	Left Winger	27	AS Monaco	€10.00m
E	Japan	25	Daizen Maeda	Daizen Maeda	Left Winger	25	Celtic FC	€4.00m
E	Japan	8	Ritsu Doan	Ritsu Doan	Right Winger	24	SC Freiburg	€12.00m
E	Japan	14	Junya Ito	Junya Ito	Right Winger	29	Stade Reims	€9.00m
E	Japan	21	Ayase Ueda	Ayase Ueda	Centre-Forward	24	Cercle Brugge	€2.00m
E	Japan	23	Daniel Schmidt	Daniel Schmidt	Goalkeeper	30	Sint-Truidense VV	€1.50m
E	Japan	12	Shuichi Gonda	Shuichi Gonda	Goalkeeper	33	Shimizu S-Pulse	€500k
E	Japan	4	Ko Itakura	Ko Itakura	Centre-Back	25	Borussia Mönchengladbach	€7.50m
E	Japan	3	Shogo Taniguchi	Shogo Taniguchi	Centre-Back	31	Kawasaki Frontale	€1.80m
E	Japan	5	Yuto Nagatomo	Yuto Nagatomo	Left-Back	36	FC Tokyo	€400k
E	Japan	2	Miki Yamane	Miki Yamane	Right-Back	28	Kawasaki Frontale	€1.70m
E	Japan	13	Hidemasa Morita	Hidemasa Morita	Defensive Midfield	27	Sporting CP	€7.00m
E	Japan	17	Ao Tanaka	Ao Tanaka	Central Midfield	24	Fortuna Düsseldorf	€1.80m
E	Japan	15	Daichi Kamada	Daichi Kamada	Attacking Midfield	26	Eintracht Frankfurt	€30.00m
E	Japan	9	Kaoru Mitoma	Kaoru Mitoma	Left Winger	25	Brighton &amp; Hove Albion	€6.00m
E	Japan	24	Yuki Soma	Yuki Soma	Left Winger	25	Nagoya Grampus	€1.20m
E	Japan	11	Takefusa Kubo	Takefusa Kubo	Right Winger	21	Real Sociedad	€12.00m
E	Japan	18	Takuma Asano	Takuma Asano	Right Winger	28	VfL Bochum	€3.00m
E	Japan	20	Shuto Machino	Shuto Machino	Centre-Forward	23	Shonan Bellmare	€1.20m
E	Costa Rica	1	Keylor Navas	Keylor Navas	Goalkeeper	35	Paris Saint-Germain	€5.00m
E	Costa Rica	23	Patrick Sequeira	Patrick Sequeira	Goalkeeper	23	CD Lugo	€200k
E	Costa Rica	15	Francisco Calvo	Francisco Calvo	Centre-Back	30	Konyaspor	€1.70m
E	Costa Rica	19	Kendall Waston	Kendall Waston	Centre-Back	34	Deportivo Saprissa	€175k
E	Costa Rica	8	Bryan Oviedo	Bryan Oviedo	Left-Back	32	Real Salt Lake City	€200k
E	Costa Rica	4	Keysher Fuller	Keysher Fuller	Right-Back	28	CS Herediano	€250k
E	Costa Rica	17	Yeltsin Tejeda	Yeltsin Tejeda	Defensive Midfield	30	CS Herediano	€275k
E	Costa Rica	14	Youstin Salas	Youstin Salas	Defensive Midfield	26	Deportivo Saprissa	€250k
E	Costa Rica	5	Celso Borges	Celso Borges	Central Midfield	34	LD Alajuelense	€200k
E	Costa Rica	26	Álvaro Zamora	Álvaro Zamora	Left Midfield	20	Deportivo Saprissa	€200k
E	Costa Rica	10	Bryan Ruiz	Bryan Ruiz	Attacking Midfield	37	LD Alajuelense	€150k
E	Costa Rica	12	Joel Campbell	Joel Campbell	Right Winger	30	Club León FC	€2.50m
E	Costa Rica	7	Anthony Contreras	Anthony Contreras	Centre-Forward	22	CS Herediano	€375k
E	Costa Rica	1	Keylor Navas	Keylor Navas	Goalkeeper	35	Paris Saint-Germain	€5.00m
E	Costa Rica	18	Esteban Alvarado	Esteban Alvarado	Goalkeeper	33	CS Herediano	€225k
E	Costa Rica	3	Juan Pablo Vargas	Juan Pablo Vargas	Centre-Back	27	Millonarios FC	€1.70m
E	Costa Rica	6	Óscar Duarte	Óscar Duarte	Centre-Back	33	Al-Wehda FC	€600k
E	Costa Rica	22	Ronald Matarrita	Ronald Matarrita	Left-Back	28	FC Cincinnati	€1.50m
E	Costa Rica	16	Carlos Martínez	Carlos Martínez	Right-Back	23	AD San Carlos	€275k
E	Costa Rica	2	Daniel Chacón	Daniel Chacón	Defensive Midfield	21	Colorado Rapids 2	€300k
E	Costa Rica	21	Douglas López	Douglas López	Defensive Midfield	24	CS Herediano	€275k
E	Costa Rica	24	Roan Wilson	Roan Wilson	Central Midfield	20	Municipal Grecia	€250k
E	Costa Rica	13	Gerson Torres	Gerson Torres	Right Midfield	25	CS Herediano	€325k
E	Costa Rica	20	Brandon Aguilera	Brandon Aguilera	Attacking Midfield	19	AD Guanacasteca	€275k
E	Costa Rica	9	Jewison Bennette	Jewison Bennette	Left Winger	18	Sunderland AFC	€1.00m
E	Costa Rica	25	Anthony Hernández	Anthony Hernández	Right Winger	21	Puntarenas FC	€250k
E	Costa Rica	11	Johan Venegas	Johan Venegas	Centre-Forward	33	LD Alajuelense	€300k
F	Belgium	1	Thibaut Courtois	Thibaut Courtois	Goalkeeper	30	Real Madrid	€60.00m
F	Belgium	12	Simon Mignolet	Simon Mignolet	Goalkeeper	34	Club Brugge KV	€5.00m
F	Belgium	4	Wout Faes	Wout Faes	Centre-Back	24	Leicester City	€20.00m
F	Belgium	2	Toby Alderweireld	Toby Alderweireld	Centre-Back	33	Royal Antwerp FC	€4.00m
F	Belgium	21	Timothy Castagne	Timothy Castagne	Right-Back	26	Leicester City	€28.00m
F	Belgium	18	Amadou Onana	Amadou Onana	Defensive Midfield	21	Everton FC	€35.00m
F	Belgium	6	Axel Witsel	Axel Witsel	Defensive Midfield	33	Atlético de Madrid	€5.00m
F	Belgium	7	Kevin De Bruyne	Kevin De Bruyne	Attacking Midfield	31	Manchester City	€80.00m
F	Belgium	20	Hans Vanaken	Hans Vanaken	Attacking Midfield	30	Club Brugge KV	€15.00m
F	Belgium	17	Leandro Trossard	Leandro Trossard	Left Winger	27	Brighton &amp; Hove Albion	€30.00m
F	Belgium	10	Eden Hazard	Eden Hazard	Left Winger	31	Real Madrid	€7.50m
F	Belgium	9	Romelu Lukaku	Romelu Lukaku	Centre-Forward	29	Inter Milan	€55.00m
F	Belgium	23	Michy Batshuayi	Michy Batshuayi	Centre-Forward	29	Fenerbahce	€10.00m
F	Belgium	1	Thibaut Courtois	Thibaut Courtois	Goalkeeper	30	Real Madrid	€60.00m
F	Belgium	13	Koen Casteels	Koen Casteels	Goalkeeper	30	VfL Wolfsburg	€8.00m
F	Belgium	3	Arthur Theate	Arthur Theate	Centre-Back	22	Stade Rennais FC	€20.00m
F	Belgium	26	Zeno Debast	Zeno Debast	Centre-Back	19	RSC Anderlecht	€8.00m
F	Belgium	5	Jan Vertonghen	Jan Vertonghen	Centre-Back	35	RSC Anderlecht	€1.80m
F	Belgium	15	Thomas Meunier	Thomas Meunier	Right-Back	31	Borussia Dortmund	€6.50m
F	Belgium	19	Leander Dendoncker	Leander Dendoncker	Defensive Midfield	27	Aston Villa	€22.00m
F	Belgium	8	Youri Tielemans	Youri Tielemans	Central Midfield	25	Leicester City	€40.00m
F	Belgium	22	Charles De Ketelaere	Charles De Ketelaere	Attacking Midfield	21	AC Milan	€30.00m
F	Belgium	11	Yannick Carrasco	Yannick Carrasco	Left Winger	29	Atlético de Madrid	€30.00m
F	Belgium	16	Thorgan Hazard	Thorgan Hazard	Left Winger	29	Borussia Dortmund	€9.00m
F	Belgium	25	Jérémy Doku	Jérémy Doku	Right Winger	20	Stade Rennais FC	€18.00m
F	Belgium	24	Loïs Openda	Loïs Openda	Centre-Forward	22	RC Lens	€12.00m
F	Belgium	14	Dries Mertens	Dries Mertens	Centre-Forward	35	Galatasaray	€3.40m
F	Canada	1	Dayne St. Clair	Dayne St. Clair	Goalkeeper	25	Minnesota United FC	€1.50m
F	Canada	16	James Pantemis	James Pantemis	Goalkeeper	25	CF Montréal	€400k
F	Canada	26	Joel Waterman	Joel Waterman	Centre-Back	26	CF Montréal	€2.00m
F	Canada	5	Steven Vitória	Steven Vitória	Centre-Back	35	GD Chaves	€100k
F	Canada	3	Sam Adekugbe	Sam Adekugbe	Left-Back	27	Hatayspor	€2.00m
F	Canada	22	Richie Laryea	Richie Laryea	Right-Back	27	Toronto FC	€2.50m
F	Canada	8	Liam Fraser	Liam Fraser	Defensive Midfield	24	KMSK Deinze	€900k
F	Canada	7	Stephen Eustaquio	Stephen Eustaquio	Central Midfield	25	FC Porto	€8.00m
F	Canada	21	Jonathan Osorio	Jonathan Osorio	Central Midfield	30	Toronto FC	€3.50m
F	Canada	24	David Wotherspoon	David Wotherspoon	Attacking Midfield	32	St. Johnstone FC	€600k
F	Canada	10	Junior Hoilett	Junior Hoilett	Left Winger	32	Reading FC	€800k
F	Canada	20	Jonathan David	Jonathan David	Centre-Forward	22	LOSC Lille	€45.00m
F	Canada	12	Iké Ugbo	Iké Ugbo	Centre-Forward	24	ESTAC Troyes	€4.00m
F	Canada	1	Dayne St. Clair	Dayne St. Clair	Goalkeeper	25	Minnesota United FC	€1.50m
F	Canada	18	Milan Borjan	Milan Borjan	Goalkeeper	35	Red Star Belgrade	€1.20m
F	Canada	4	Kamal Miller	Kamal Miller	Centre-Back	25	CF Montréal	€4.00m
F	Canada	25	Derek Cornelius	Derek Cornelius	Centre-Back	24	Panetolikos GFS	€800k
F	Canada	19	Alphonso Davies	Alphonso Davies	Left-Back	22	Bayern Munich	€70.00m
F	Canada	2	Alistair Johnston	Alistair Johnston	Right-Back	24	CF Montréal	€6.00m
F	Canada	6	Samuel Piette	Samuel Piette	Defensive Midfield	28	CF Montréal	€2.50m
F	Canada	13	Atiba Hutchinson	Atiba Hutchinson	Defensive Midfield	39	Besiktas JK	€200k
F	Canada	15	Ismaël Koné	Ismaël Koné	Central Midfield	20	CF Montréal	€6.00m
F	Canada	14	Mark-Anthony Kaye	Mark-Anthony Kaye	Central Midfield	27	Toronto FC	€3.00m
F	Canada	23	Liam Millar	Liam Millar	Left Winger	23	FC Basel 1893	€2.30m
F	Canada	11	Tajon Buchanan	Tajon Buchanan	Right Winger	23	Club Brugge KV	€12.00m
F	Canada	17	Cyle Larin	Cyle Larin	Centre-Forward	27	Club Brugge KV	€6.00m
F	Canada	9	Lucas Cavallini	Lucas Cavallini	Centre-Forward	29	Vancouver Whitecaps FC	€2.00m
F	Croatia	1	Dominik Livakovic	Dominik Livakovic	Goalkeeper	27	GNK Dinamo Zagreb	€8.50m
F	Croatia	12	Ivo Grbic	Ivo Grbic	Goalkeeper	26	Atlético de Madrid	€3.50m
F	Croatia	24	Josip Sutalo	Josip Sutalo	Centre-Back	22	GNK Dinamo Zagreb	€18.00m
F	Croatia	6	Dejan Lovren	Dejan Lovren	Centre-Back	33	Zenit St. Petersburg	€3.50m
F	Croatia	19	Borna Sosa	Borna Sosa	Left-Back	24	VfB Stuttgart	€20.00m
F	Croatia	2	Josip Stanisic	Josip Stanisic	Right-Back	22	Bayern Munich	€8.00m
F	Croatia	11	Marcelo Brozovic	Marcelo Brozovic	Defensive Midfield	30	Inter Milan	€35.00m
F	Croatia	8	Mateo Kovacic	Mateo Kovacic	Central Midfield	28	Chelsea FC	€40.00m
F	Croatia	10	Luka Modric	Luka Modric	Central Midfield	37	Real Madrid	€10.00m
F	Croatia	15	Mario Pasalic	Mario Pasalic	Attacking Midfield	27	Atalanta BC	€25.00m
F	Croatia	13	Nikola Vlasic	Nikola Vlasic	Attacking Midfield	25	Torino FC	€20.00m
F	Croatia	9	Andrej Kramaric	Andrej Kramaric	Centre-Forward	31	TSG 1899 Hoffenheim	€9.00m
F	Croatia	16	Bruno Petkovic	Bruno Petkovic	Centre-Forward	28	GNK Dinamo Zagreb	€6.00m
F	Croatia	1	Dominik Livakovic	Dominik Livakovic	Goalkeeper	27	GNK Dinamo Zagreb	€8.50m
F	Croatia	23	Ivica Ivusic	Ivica Ivusic	Goalkeeper	27	NK Osijek	€5.00m
F	Croatia	20	Josko Gvardiol	Josko Gvardiol	Centre-Back	20	RB Leipzig	€60.00m
F	Croatia	5	Martin Erlic	Martin Erlic	Centre-Back	24	US Sassuolo	€5.50m
F	Croatia	21	Domagoj Vida	Domagoj Vida	Centre-Back	33	AEK Athens	€2.00m
F	Croatia	3	Borna Barisic	Borna Barisic	Left-Back	30	Rangers FC	€6.50m
F	Croatia	22	Josip Juranovic	Josip Juranovic	Right-Back	27	Celtic FC	€6.50m
F	Croatia	26	Kristijan Jakic	Kristijan Jakic	Defensive Midfield	25	Eintracht Frankfurt	€9.00m
F	Croatia	25	Luka Sucic	Luka Sucic	Central Midfield	20	Red Bull Salzburg	€20.00m
F	Croatia	4	Ivan Perisic	Ivan Perisic	Left Midfield	33	Tottenham Hotspur	€10.00m
F	Croatia	7	Lovro Majer	Lovro Majer	Attacking Midfield	24	Stade Rennais FC	€22.00m
F	Croatia	18	Mislav Orsic	Mislav Orsic	Left Winger	29	GNK Dinamo Zagreb	€10.00m
F	Croatia	14	Marko Livaja	Marko Livaja	Centre-Forward	29	HNK Hajduk Split	€8.00m
F	Croatia	17	Ante Budimir	Ante Budimir	Centre-Forward	31	CA Osasuna	€6.00m
F	Morocco	1	Bono	Bono	Goalkeeper	31	Sevilla FC	€15.00m
F	Morocco	12	Munir	Munir	Goalkeeper	33	Al-Wehda FC	€1.20m
F	Morocco	6	Romain Saïss	Romain Saïss	Centre-Back	32	Besiktas JK	€6.50m
F	Morocco	18	Jawad El Yamiq	Jawad El Yamiq	Centre-Back	30	Real Valladolid CF	€1.20m
F	Morocco	25	Yahia Attiat-Allah	Yahia Attiat-Allah	Left-Back	27	Wydad Casablanca	€1.50m
F	Morocco	3	Noussair Mazraoui	Noussair Mazraoui	Right-Back	25	Bayern Munich	€25.00m
F	Morocco	26	Yahya Jabrane	Yahya Jabrane	Defensive Midfield	31	Wydad Casablanca	€1.90m
F	Morocco	7	Hakim Ziyech	Hakim Ziyech	Attacking Midfield	29	Chelsea FC	€17.00m
F	Morocco	15	Selim Amallah	Selim Amallah	Attacking Midfield	26	Standard Liège	€4.50m
F	Morocco	11	Abdelhamid Sabiri	Abdelhamid Sabiri	Attacking Midfield	25	UC Sampdoria	€3.00m
F	Morocco	17	Sofiane Boufal	Sofiane Boufal	Left Winger	29	Angers SCO	€8.00m
F	Morocco	14	Zakaria Aboukhlal	Zakaria Aboukhlal	Right Winger	22	FC Toulouse	€3.50m
F	Morocco	9	Abderrazak Hamdallah	Abderrazak Hamdallah	Centre-Forward	31	Al-Ittihad Club (Jeddah)	€3.00m
F	Morocco	1	Bono	Bono	Goalkeeper	31	Sevilla FC	€15.00m
F	Morocco	22	Ahmed Reda Tagnaouti	Ahmed Reda Tagnaouti	Goalkeeper	26	Wydad Casablanca	€1.80m
F	Morocco	5	Nayef Aguerd	Nayef Aguerd	Centre-Back	26	West Ham United	€25.00m
F	Morocco	20	Achraf Dari	Achraf Dari	Centre-Back	23	Stade Brestois 29	€2.50m
F	Morocco	24	Badr Benoun	Badr Benoun	Centre-Back	29	Qatar SC	€1.00m
F	Morocco	2	Achraf Hakimi	Achraf Hakimi	Right-Back	24	Paris Saint-Germain	€65.00m
F	Morocco	4	Sofyan Amrabat	Sofyan Amrabat	Defensive Midfield	26	ACF Fiorentina	€10.00m
F	Morocco	8	Azzedine Ounahi	Azzedine Ounahi	Central Midfield	22	Angers SCO	€3.50m
F	Morocco	13	Ilias Chair	Ilias Chair	Attacking Midfield	25	Queens Park Rangers	€10.00m
F	Morocco	23	Bilal El Khannouss	Bilal El Khannouss	Attacking Midfield	18	KRC Genk	€4.50m
F	Morocco	16	Ez Abde	Ez Abde	Left Winger	20	CA Osasuna	€8.00m
F	Morocco	10	Anass Zaroury	Anass Zaroury	Left Winger	22	Burnley FC	€4.00m
F	Morocco	19	Youssef En-Nesyri	Youssef En-Nesyri	Centre-Forward	25	Sevilla FC	€12.00m
F	Morocco	21	Walid Cheddira	Walid Cheddira	Centre-Forward	24	SSC Bari	€2.50m
G	Switzerland	21	Gregor Kobel	Gregor Kobel	Goalkeeper	24	Borussia Dortmund	€25.00m
G	Switzerland	1	Yann Sommer	Yann Sommer	Goalkeeper	33	Borussia Mönchengladbach	€5.00m
G	Switzerland	5	Manuel Akanji	Manuel Akanji	Centre-Back	27	Manchester City	€30.00m
G	Switzerland	22	Fabian Schär	Fabian Schär	Centre-Back	30	Newcastle United	€10.00m
G	Switzerland	13	Ricardo Rodríguez	Ricardo Rodríguez	Centre-Back	30	Torino FC	€3.50m
G	Switzerland	6	Denis Zakaria	Denis Zakaria	Defensive Midfield	25	Chelsea FC	€20.00m
G	Switzerland	20	Fabian Frei	Fabian Frei	Defensive Midfield	33	FC Basel 1893	€500k
G	Switzerland	15	Djibril Sow	Djibril Sow	Central Midfield	25	Eintracht Frankfurt	€22.00m
G	Switzerland	25	Fabian Rieder	Fabian Rieder	Central Midfield	20	BSC Young Boys	€10.00m
G	Switzerland	2	Edimilson Fernandes	Edimilson Fernandes	Central Midfield	26	1.FSV Mainz 05	€3.00m
G	Switzerland	17	Rubén Vargas	Rubén Vargas	Left Winger	24	FC Augsburg	€6.00m
G	Switzerland	11	Renato Steffen	Renato Steffen	Right Winger	31	FC Lugano	€1.00m
G	Switzerland	7	Breel Embolo	Breel Embolo	Centre-Forward	25	AS Monaco	€20.00m
G	Switzerland	21	Gregor Kobel	Gregor Kobel	Goalkeeper	24	Borussia Dortmund	€25.00m
G	Switzerland	12	Jonas Omlin	Jonas Omlin	Goalkeeper	28	Montpellier HSC	€7.00m
G	Switzerland	24	Philipp Köhn	Philipp Köhn	Goalkeeper	24	Red Bull Salzburg	€4.00m
G	Switzerland	4	Nico Elvedi	Nico Elvedi	Centre-Back	26	Borussia Mönchengladbach	€20.00m
G	Switzerland	18	Eray Cömert	Eray Cömert	Centre-Back	24	Valencia CF	€4.00m
G	Switzerland	3	Silvan Widmer	Silvan Widmer	Right-Back	29	1.FSV Mainz 05	€5.00m
G	Switzerland	26	Ardon Jashari	Ardon Jashari	Defensive Midfield	20	FC Luzern	€2.50m
G	Switzerland	10	Granit Xhaka	Granit Xhaka	Central Midfield	30	Arsenal FC	€28.00m
G	Switzerland	8	Remo Freuler	Remo Freuler	Central Midfield	30	Nottingham Forest	€13.00m
G	Switzerland	14	Michel Aebischer	Michel Aebischer	Central Midfield	25	Bologna FC 1909	€3.50m
G	Switzerland	16	Christian Fassnacht	Christian Fassnacht	Right Midfield	29	BSC Young Boys	€3.00m
G	Switzerland	23	Xherdan Shaqiri	Xherdan Shaqiri	Right Winger	31	Chicago Fire FC	€4.00m
G	Switzerland	19	Noah Okafor	Noah Okafor	Centre-Forward	22	Red Bull Salzburg	€25.00m
G	Switzerland	9	Haris Seferovic	Haris Seferovic	Centre-Forward	30	Galatasaray	€6.00m
G	Cameroon	23	André Onana	André Onana	Goalkeeper	26	Inter Milan	€14.00m
G	Cameroon	1	Simon Ngapandouetnbu	Simon Ngapandouetnbu	Goalkeeper	19	Olympique Marseille	€400k
G	Cameroon	21	Jean-Charles Castelletto	Jean-Charles Castelletto	Centre-Back	27	FC Nantes	€4.00m
G	Cameroon	24	Enzo Ebosse	Enzo Ebosse	Left-Back	23	Udinese Calcio	€4.50m
G	Cameroon	17	Olivier Mbaizo	Olivier Mbaizo	Right-Back	25	Philadelphia Union	€1.50m
G	Cameroon	8	Frank Anguissa	Frank Anguissa	Defensive Midfield	27	SSC Napoli	€38.00m
G	Cameroon	14	Samuel Oum Gouet	Samuel Oum Gouet	Defensive Midfield	24	KV Mechelen	€1.30m
G	Cameroon	22	Olivier Ntcham	Olivier Ntcham	Central Midfield	26	Swansea City	€2.80m
G	Cameroon	12	Karl Toko Ekambi	Karl Toko Ekambi	Left Winger	30	Olympique Lyon	€12.00m
G	Cameroon	6	Nicolas Moumi Ngamaleu	Nicolas Moumi Ngamaleu	Left Winger	28	Dynamo Moscow	€4.00m
G	Cameroon	20	Bryan Mbeumo	Bryan Mbeumo	Right Winger	23	Brentford FC	€28.00m
G	Cameroon	13	Eric Maxim Choupo-Moting	Eric Maxim Choupo-Moting	Centre-Forward	33	Bayern Munich	€6.00m
G	Cameroon	9	Jean-Pierre Nsame	Jean-Pierre Nsame	Centre-Forward	29	BSC Young Boys	€4.00m
G	Cameroon	23	André Onana	André Onana	Goalkeeper	26	Inter Milan	€14.00m
G	Cameroon	16	Devis Epassy	Devis Epassy	Goalkeeper	29	Abha Club	€700k
G	Cameroon	4	Christopher Wooh	Christopher Wooh	Centre-Back	21	Stade Rennais FC	€6.00m
G	Cameroon	3	Nicolas N'Koulou	Nicolas N'Koulou	Centre-Back	32	Aris Thessaloniki	€1.80m
G	Cameroon	25	Nouhou Tolo	Nouhou Tolo	Left-Back	25	Seattle Sounders FC	€3.00m
G	Cameroon	19	Collins Fai	Collins Fai	Right-Back	30	Al-Tai	€1.00m
G	Cameroon	18	Martin Hongla	Martin Hongla	Defensive Midfield	24	Hellas Verona	€3.50m
G	Cameroon	5	Gaël Ondoua	Gaël Ondoua	Defensive Midfield	27	Hannover 96	€800k
G	Cameroon	15	Pierre Kunde	Pierre Kunde	Central Midfield	27	Olympiacos Piraeus	€2.00m
G	Cameroon	7	Georges-Kevin N'Koudou	Georges-Kevin N'Koudou	Left Winger	27	Besiktas JK	€5.50m
G	Cameroon	2	Jerome Ngom Mbekeli	Jerome Ngom Mbekeli	Left Winger	24	Colombe Sportive du Dja et Lobo	€300k
G	Cameroon	11	Christian Bassogog	Christian Bassogog	Right Winger	27	Shanghai Shenhua	€4.50m
G	Cameroon	10	Vincent Aboubakar	Vincent Aboubakar	Centre-Forward	30	Al-Nassr FC	€5.00m
G	Cameroon	26	Souaibou Marou	Souaibou Marou	Centre-Forward	21	Coton Sport FC de Garoua	€400k
G	Serbia	12	Predrag Rajković	Predrag Rajković	Goalkeeper	27	RCD Mallorca	€10.00m
G	Serbia	23	Vanja Milinković-Savić	Vanja Milinković-Savić	Goalkeeper	25	Torino FC	€2.50m
G	Serbia	4	Nikola Milenković	Nikola Milenković	Centre-Back	25	ACF Fiorentina	€20.00m
G	Serbia	5	Miloš Veljković	Miloš Veljković	Centre-Back	27	SV Werder Bremen	€5.00m
G	Serbia	13	Stefan Mitrović	Stefan Mitrović	Centre-Back	32	Getafe CF	€2.00m
G	Serbia	6	Nemanja Maksimović	Nemanja Maksimović	Defensive Midfield	27	Getafe CF	€10.00m
G	Serbia	19	Uroš Račić	Uroš Račić	Defensive Midfield	24	SC Braga	€6.50m
G	Serbia	20	Sergej Milinković-Savić	Sergej Milinković-Savić	Central Midfield	27	SS Lazio	€60.00m
G	Serbia	24	Ivan Ilić	Ivan Ilić	Central Midfield	21	Hellas Verona	€13.00m
G	Serbia	22	Darko Lazović	Darko Lazović	Left Midfield	32	Hellas Verona	€2.50m
G	Serbia	10	Dusan Tadić	Dusan Tadić	Left Winger	33	Ajax Amsterdam	€7.00m
G	Serbia	14	Andrija Zivkovic	Andrija Zivkovic	Right Winger	26	PAOK Thessaloniki	€6.00m
G	Serbia	9	Aleksandar Mitrović	Aleksandar Mitrović	Centre-Forward	28	Fulham FC	€28.00m
G	Serbia	12	Predrag Rajković	Predrag Rajković	Goalkeeper	27	RCD Mallorca	€10.00m
G	Serbia	1	Marko Dmitrović	Marko Dmitrović	Goalkeeper	30	Sevilla FC	€5.00m
G	Serbia	2	Strahinja Pavlovic	Strahinja Pavlovic	Centre-Back	21	Red Bull Salzburg	€20.00m
G	Serbia	3	Strahinja Eraković	Strahinja Eraković	Centre-Back	21	Red Star Belgrade	€7.00m
G	Serbia	15	Srdjan Babic	Srdjan Babic	Centre-Back	26	UD Almería	€3.00m
G	Serbia	25	Filip Mladenovic	Filip Mladenovic	Left-Back	31	Legia Warszawa	€1.50m
G	Serbia	26	Marko Grujić	Marko Grujić	Defensive Midfield	26	FC Porto	€9.00m
G	Serbia	8	Nemanja Gudelj	Nemanja Gudelj	Defensive Midfield	31	Sevilla FC	€4.00m
G	Serbia	16	Saša Lukić	Saša Lukić	Central Midfield	26	Torino FC	€13.00m
G	Serbia	17	Filip Kostić	Filip Kostić	Left Midfield	30	Juventus FC	€24.00m
G	Serbia	21	Filip Djuricic	Filip Djuricic	Attacking Midfield	30	UC Sampdoria	€2.50m
G	Serbia	7	Nemanja Radonjić	Nemanja Radonjić	Left Winger	26	Torino FC	€4.00m
G	Serbia	18	Dušan Vlahović	Dušan Vlahović	Centre-Forward	22	Juventus FC	€80.00m
G	Serbia	11	Luka Jović	Luka Jović	Centre-Forward	24	ACF Fiorentina	€14.00m
G	Brazil	1	Alisson	Alisson	Goalkeeper	30	Liverpool FC	€50.00m
G	Brazil	12	Weverton	Weverton	Goalkeeper	34	Sociedade Esportiva Palmeiras	€3.50m
G	Brazil	14	Éder Militão	Éder Militão	Centre-Back	24	Real Madrid	€60.00m
G	Brazil	3	Thiago Silva	Thiago Silva	Centre-Back	38	Chelsea FC	€2.50m
G	Brazil	6	Alex Sandro	Alex Sandro	Left-Back	31	Juventus FC	€4.50m
G	Brazil	13	Dani Alves	Dani Alves	Right-Back	39	UNAM Pumas	€1.00m
G	Brazil	15	Fabinho	Fabinho	Defensive Midfield	29	Liverpool FC	€55.00m
G	Brazil	8	Fred	Fred	Central Midfield	29	Manchester United	€20.00m
G	Brazil	7	Lucas Paquetá	Lucas Paquetá	Attacking Midfield	25	West Ham United	€45.00m
G	Brazil	10	Neymar	Neymar	Left Winger	30	Paris Saint-Germain	€75.00m
G	Brazil	21	Rodrygo	Rodrygo	Right Winger	21	Real Madrid	€80.00m
G	Brazil	11	Raphinha	Raphinha	Right Winger	25	FC Barcelona	€50.00m
G	Brazil	9	Richarlison	Richarlison	Centre-Forward	25	Tottenham Hotspur	€50.00m
G	Brazil	1	Alisson	Alisson	Goalkeeper	30	Liverpool FC	€50.00m
G	Brazil	23	Ederson	Ederson	Goalkeeper	29	Manchester City	€45.00m
G	Brazil	4	Marquinhos	Marquinhos	Centre-Back	28	Paris Saint-Germain	€70.00m
G	Brazil	24	Bremer	Bremer	Centre-Back	25	Juventus FC	€40.00m
G	Brazil	16	Alex Telles	Alex Telles	Left-Back	29	Sevilla FC	€14.00m
G	Brazil	2	Danilo	Danilo	Right-Back	31	Juventus FC	€12.00m
G	Brazil	17	Bruno Guimarães	Bruno Guimarães	Defensive Midfield	25	Newcastle United	€60.00m
G	Brazil	5	Casemiro	Casemiro	Defensive Midfield	30	Manchester United	€50.00m
G	Brazil	22	Éverton Ribeiro	Éverton Ribeiro	Central Midfield	33	Clube de Regatas do Flamengo	€4.50m
G	Brazil	20	Vinicius Junior	Vinicius Junior	Left Winger	22	Real Madrid	€120.00m
G	Brazil	26	Gabriel Martinelli	Gabriel Martinelli	Left Winger	21	Arsenal FC	€60.00m
G	Brazil	19	Antony	Antony	Right Winger	22	Manchester United	€75.00m
G	Brazil	18	Gabriel Jesus	Gabriel Jesus	Centre-Forward	25	Arsenal FC	€75.00m
G	Brazil	25	Pedro	Pedro	Centre-Forward	25	Clube de Regatas do Flamengo	€20.00m
H	Portugal	22	Diogo Costa	Diogo Costa	Goalkeeper	23	FC Porto	€35.00m
H	Portugal	1	Rui Patrício	Rui Patrício	Goalkeeper	34	AS Roma	€5.00m
H	Portugal	24	António Silva	António Silva	Centre-Back	19	SL Benfica	€15.00m
H	Portugal	19	Nuno Mendes	Nuno Mendes	Left-Back	20	Paris Saint-Germain	€60.00m
H	Portugal	20	João Cancelo	João Cancelo	Right-Back	28	Manchester City	€70.00m
H	Portugal	18	Rúben Neves	Rúben Neves	Defensive Midfield	25	Wolverhampton Wanderers	€40.00m
H	Portugal	14	William Carvalho	William Carvalho	Defensive Midfield	30	Real Betis Balompié	€16.00m
H	Portugal	16	Vitinha	Vitinha	Central Midfield	22	Paris Saint-Germain	€45.00m
H	Portugal	25	Otávio	Otávio	Right Midfield	27	FC Porto	€30.00m
H	Portugal	8	Bruno Fernandes	Bruno Fernandes	Attacking Midfield	28	Manchester United	€75.00m
H	Portugal	15	Rafael Leão	Rafael Leão	Left Winger	23	AC Milan	€85.00m
H	Portugal	11	João Félix	João Félix	Second Striker	23	Atlético de Madrid	€50.00m
H	Portugal	26	Gonçalo Ramos	Gonçalo Ramos	Centre-Forward	21	SL Benfica	€24.00m
H	Portugal	22	Diogo Costa	Diogo Costa	Goalkeeper	23	FC Porto	€35.00m
H	Portugal	12	José Sá	José Sá	Goalkeeper	29	Wolverhampton Wanderers	€18.00m
H	Portugal	4	Rúben Dias	Rúben Dias	Centre-Back	25	Manchester City	€75.00m
H	Portugal	3	Pepe	Pepe	Centre-Back	39	FC Porto	€1.00m
H	Portugal	5	Raphaël Guerreiro	Raphaël Guerreiro	Left-Back	28	Borussia Dortmund	€20.00m
H	Portugal	2	Diogo Dalot	Diogo Dalot	Right-Back	23	Manchester United	€32.00m
H	Portugal	6	João Palhinha	João Palhinha	Defensive Midfield	27	Fulham FC	€28.00m
H	Portugal	13	Danilo Pereira	Danilo Pereira	Defensive Midfield	31	Paris Saint-Germain	€12.00m
H	Portugal	23	Matheus Nunes	Matheus Nunes	Central Midfield	24	Wolverhampton Wanderers	€45.00m
H	Portugal	10	Bernardo Silva	Bernardo Silva	Attacking Midfield	28	Manchester City	€80.00m
H	Portugal	17	João Mário	João Mário	Attacking Midfield	29	SL Benfica	€12.00m
H	Portugal	21	Ricardo Horta	Ricardo Horta	Left Winger	28	SC Braga	€20.00m
H	Portugal	9	André Silva	André Silva	Centre-Forward	27	RB Leipzig	€24.00m
H	Portugal	7	Cristiano Ronaldo	Cristiano Ronaldo	Centre-Forward	37	Manchester United	€20.00m
H	Ghana	1	Lawrence Ati Zigi	Lawrence Ati Zigi	Goalkeeper	25	FC St. Gallen 1879	€2.50m
H	Ghana	12	Ibrahim Danlad	Ibrahim Danlad	Goalkeeper	19	Asante Kotoko SC	€150k
H	Ghana	18	Daniel Amartey	Daniel Amartey	Centre-Back	27	Leicester City	€15.00m
H	Ghana	15	Joseph Aidoo	Joseph Aidoo	Centre-Back	27	Celta de Vigo	€7.00m
H	Ghana	14	Gideon Mensah	Gideon Mensah	Left-Back	24	AJ Auxerre	€2.00m
H	Ghana	2	Tariq Lamptey	Tariq Lamptey	Right-Back	22	Brighton &amp; Hove Albion	€15.00m
H	Ghana	5	Thomas Partey	Thomas Partey	Defensive Midfield	29	Arsenal FC	€38.00m
H	Ghana	6	Elisha Owusu	Elisha Owusu	Defensive Midfield	25	KAA Gent	€2.50m
H	Ghana	8	Daniel-Kofi Kyereh	Daniel-Kofi Kyereh	Attacking Midfield	26	SC Freiburg	€8.00m
H	Ghana	10	André Ayew	André Ayew	Left Winger	32	Al-Sadd SC	€2.20m
H	Ghana	24	Kamal Sowah	Kamal Sowah	Right Winger	22	Club Brugge KV	€6.00m
H	Ghana	7	Issahaku Fatawu	Issahaku Fatawu	Right Winger	18	Sporting CP	€3.00m
H	Ghana	9	Jordan Ayew	Jordan Ayew	Centre-Forward	31	Crystal Palace	€6.00m
H	Ghana	1	Lawrence Ati Zigi	Lawrence Ati Zigi	Goalkeeper	25	FC St. Gallen 1879	€2.50m
H	Ghana	16	Abdul Nurudeen	Abdul Nurudeen	Goalkeeper	23	KAS Eupen	€400k
H	Ghana	4	Mohammed Salisu	Mohammed Salisu	Centre-Back	23	Southampton FC	€18.00m
H	Ghana	23	Alexander Djiku	Alexander Djiku	Centre-Back	28	RC Strasbourg Alsace	€8.00m
H	Ghana	26	Alidu Seidu	Alidu Seidu	Centre-Back	22	Clermont Foot 63	€4.50m
H	Ghana	17	Abdul-Rahman Baba	Abdul-Rahman Baba	Left-Back	28	Reading FC	€1.80m
H	Ghana	3	Denis Odoi	Denis Odoi	Right-Back	34	Club Brugge KV	€600k
H	Ghana	21	Salis Abdul Samed	Salis Abdul Samed	Defensive Midfield	22	RC Lens	€10.00m
H	Ghana	20	Mohammed Kudus	Mohammed Kudus	Attacking Midfield	22	Ajax Amsterdam	€15.00m
H	Ghana	22	Kamaldeen Sulemana	Kamaldeen Sulemana	Left Winger	20	Stade Rennais FC	€18.00m
H	Ghana	13	Daniel Barnieh	Daniel Barnieh	Left Winger	21	Hearts of Oak	€250k
H	Ghana	11	Osman Bukari	Osman Bukari	Right Winger	23	Red Star Belgrade	€5.00m
H	Ghana	19	Iñaki Williams	Iñaki Williams	Centre-Forward	28	Athletic Bilbao	€25.00m
H	Ghana	25	Antoine Semenyo	Antoine Semenyo	Centre-Forward	22	Bristol City	€3.00m
H	Uruguay	23	Sergio Rochet	Sergio Rochet	Goalkeeper	29	Club Nacional	€4.00m
H	Uruguay	12	Sebastián Sosa	Sebastián Sosa	Goalkeeper	36	CA Independiente	€800k
H	Uruguay	2	José María Giménez	José María Giménez	Centre-Back	27	Atlético de Madrid	€40.00m
H	Uruguay	3	Diego Godín	Diego Godín	Centre-Back	36	CA Vélez Sarsfield	€700k
H	Uruguay	16	Mathías Olivera	Mathías Olivera	Left-Back	25	SSC Napoli	€15.00m
H	Uruguay	13	Guillermo Varela	Guillermo Varela	Right-Back	29	Clube de Regatas do Flamengo	€2.00m
H	Uruguay	25	Manuel Ugarte	Manuel Ugarte	Defensive Midfield	21	Sporting CP	€18.00m
H	Uruguay	15	Federico Valverde	Federico Valverde	Central Midfield	24	Real Madrid	€100.00m
H	Uruguay	7	Nicolás de la Cruz	Nicolás de la Cruz	Central Midfield	25	CA River Plate	€13.00m
H	Uruguay	10	Giorgian de Arrascaeta	Giorgian de Arrascaeta	Attacking Midfield	28	Clube de Regatas do Flamengo	€19.00m
H	Uruguay	24	Agustín Canobbio	Agustín Canobbio	Right Winger	24	Club Athletico Paranaense	€4.00m
H	Uruguay	11	Darwin Núñez	Darwin Núñez	Centre-Forward	23	Liverpool FC	€70.00m
H	Uruguay	21	Edinson Cavani	Edinson Cavani	Centre-Forward	35	Valencia CF	€5.00m
H	Uruguay	23	Sergio Rochet	Sergio Rochet	Goalkeeper	29	Club Nacional	€4.00m
H	Uruguay	1	Fernando Muslera	Fernando Muslera	Goalkeeper	36	Galatasaray	€1.70m
H	Uruguay	4	Ronald Araújo	Ronald Araújo	Centre-Back	23	FC Barcelona	€60.00m
H	Uruguay	19	Sebastián Coates	Sebastián Coates	Centre-Back	32	Sporting CP	€6.00m
H	Uruguay	22	Martín Cáceres	Martín Cáceres	Centre-Back	35	Los Angeles Galaxy	€500k
H	Uruguay	17	Matías Viña	Matías Viña	Left-Back	25	AS Roma	€6.00m
H	Uruguay	26	José Luis Rodríguez	José Luis Rodríguez	Right-Back	25	Club Nacional	€2.00m
H	Uruguay	14	Lucas Torreira	Lucas Torreira	Defensive Midfield	26	Galatasaray	€15.00m
H	Uruguay	6	Rodrigo Bentancur	Rodrigo Bentancur	Central Midfield	25	Tottenham Hotspur	€40.00m
H	Uruguay	5	Matías Vecino	Matías Vecino	Central Midfield	31	SS Lazio	€4.50m
H	Uruguay	20	Facundo Torres	Facundo Torres	Left Winger	22	Orlando City SC	€8.00m
H	Uruguay	8	Facundo Pellistri	Facundo Pellistri	Right Winger	20	Manchester United	€3.00m
H	Uruguay	18	Maxi Gómez	Maxi Gómez	Centre-Forward	26	Trabzonspor	€7.50m
H	Uruguay	9	Luis Suárez	Luis Suárez	Centre-Forward	35	Club Nacional	€4.00m
H	Korea Republic	21	Hyeon-woo Jo	Hyeon-woo Jo	Goalkeeper	31	Ulsan Hyundai	€1.30m
H	Korea Republic	1	Seung-gyu Kim	Seung-gyu Kim	Goalkeeper	32	Al-Shabab Club (Riyadh)	€900k
H	Korea Republic	20	Kyung-won Kwon	Kyung-won Kwon	Centre-Back	30	Gamba Osaka	€800k
H	Korea Republic	19	Young-gwon Kim	Young-gwon Kim	Centre-Back	32	Ulsan Hyundai	€600k
H	Korea Republic	14	Chul Hong	Chul Hong	Left-Back	32	Daegu FC	€500k
H	Korea Republic	23	Tae-hwan Kim	Tae-hwan Kim	Right-Back	33	Ulsan Hyundai	€900k
H	Korea Republic	13	Jun-ho Son	Jun-ho Son	Defensive Midfield	30	Shandong Taishan	€3.50m
H	Korea Republic	6	In-beom Hwang	In-beom Hwang	Central Midfield	26	Olympiacos Piraeus	€3.50m
H	Korea Republic	18	Kang-in Lee	Kang-in Lee	Attacking Midfield	21	RCD Mallorca	€12.00m
H	Korea Republic	7	Heung-min Son	Heung-min Son	Left Winger	30	Tottenham Hotspur	€70.00m
H	Korea Republic	17	Sang-ho Na	Sang-ho Na	Left Winger	26	FC Seoul	€900k
H	Korea Republic	25	Woo-yeong Jeong	Woo-yeong Jeong	Second Striker	23	SC Freiburg	€5.50m
H	Korea Republic	16	Ui-jo Hwang	Ui-jo Hwang	Centre-Forward	30	Olympiacos Piraeus	€5.00m
H	Korea Republic	21	Hyeon-woo Jo	Hyeon-woo Jo	Goalkeeper	31	Ulsan Hyundai	€1.30m
H	Korea Republic	12	Bum-keun Song	Bum-keun Song	Goalkeeper	25	Jeonbuk Hyundai Motors	€1.10m
H	Korea Republic	4	Min-jae Kim	Min-jae Kim	Centre-Back	26	SSC Napoli	€35.00m
H	Korea Republic	24	Yu-min Cho	Yu-min Cho	Centre-Back	26	Daejeon Hana Citizen	€700k
H	Korea Republic	3	Jin-su Kim	Jin-su Kim	Left-Back	30	Jeonbuk Hyundai Motors	€575k
H	Korea Republic	15	Moon-hwan Kim	Moon-hwan Kim	Right-Back	27	Jeonbuk Hyundai Motors	€950k
H	Korea Republic	2	Jong-gyu Yoon	Jong-gyu Yoon	Right-Back	24	FC Seoul	€650k
H	Korea Republic	5	Woo-young Jung	Woo-young Jung	Defensive Midfield	32	Al-Sadd SC	€600k
H	Korea Republic	8	Seung-ho Paik	Seung-ho Paik	Central Midfield	25	Jeonbuk Hyundai Motors	€1.00m
H	Korea Republic	10	Jae-sung Lee	Jae-sung Lee	Attacking Midfield	30	1.FSV Mainz 05	€3.00m
H	Korea Republic	26	Min-kyu Song	Min-kyu Song	Left Winger	23	Jeonbuk Hyundai Motors	€1.20m
H	Korea Republic	22	Chang-hoon Kwon	Chang-hoon Kwon	Right Winger	28	Gimcheon Sangmu	€900k
H	Korea Republic	11	Hee-chan Hwang	Hee-chan Hwang	Centre-Forward	26	Wolverhampton Wanderers	€12.00m
H	Korea Republic	9	Gue-sung Cho	Gue-sung Cho	Centre-Forward	24	Jeonbuk Hyundai Motors	€1.40m